region;province;url
Bruxelles-Capitale;brussels;https://immovlan.be/en/detail/apartment/for-sale/1180/ukkel/vbe34650
Bruxelles-Capitale;brussels;https://immovlan.be/en/detail/studio/for-sale/1040/etterbeek/vbe35576
Bruxelles-Capitale;brussels;https://immovlan.be/en/detail/ground-floor/for-sale/1180/ukkel/vbe35967
Bruxelles-Capitale;brussels;https://immovlan.be/en/detail/apartment/for-sale/1090/jette/vbe36036
Bruxelles-Capitale;brussels;https://immovlan.be/en/detail/apartment/for-sale/1081/koekelberg/vbe35933
Bruxelles-Capitale;brussels;https://immovlan.be/en/detail/studio/for-sale/1082/berchem-sainte-agathe/vbe36288
Bruxelles-Capitale;brussels;https://immovlan.be/en/detail/studio/for-sale/1190/vorst/vbe35475
Bruxelles-Capitale;brussels;https://immovlan.be/en/detail/apartment/for-sale/1070/anderlecht/vbe36131
Bruxelles-Capitale;brussels;https://immovlan.be/en/detail/apartment/for-sale/1030/schaarbeek/vbe35646
Bruxelles-Capitale;brussels;https://immovlan.be/en/detail/studio/for-sale/1180/ukkel/rbw19605
Bruxelles-Capitale;brussels;https://immovlan.be/en/detail/apartment/for-sale/1080/sint-jans-molenbeek/vbe24737
Bruxelles-Capitale;brussels;https://immovlan.be/en/detail/apartment/for-sale/1050/elsene/vbe35215
Bruxelles-Capitale;brussels;https://immovlan.be/en/detail/apartment/for-sale/1140/evere/vbe30735
Bruxelles-Capitale;brussels;https://immovlan.be/en/detail/apartment/for-sale/1080/sint-jans-molenbeek/vbe35603
Bruxelles-Capitale;brussels;https://immovlan.be/en/detail/apartment/for-sale/1080/sint-jans-molenbeek/vbe36015
Bruxelles-Capitale;brussels;https://immovlan.be/en/detail/studio/for-sale/1210/sint-joost-ten-node/vbe34652
Bruxelles-Capitale;brussels;https://immovlan.be/en/detail/studio/for-sale/1180/ukkel/vbe36071
Bruxelles-Capitale;brussels;https://immovlan.be/en/detail/apartment/for-sale/1030/schaarbeek/vbe35651
Bruxelles-Capitale;brussels;https://immovlan.be/en/detail/studio/for-sale/1000/brussels/vbe32699
Bruxelles-Capitale;brussels;https://immovlan.be/en/detail/apartment/for-sale/1083/ganshoren/vbe32420
Bruxelles-Capitale;brussels;https://immovlan.be/en/detail/apartment/for-sale/1200/sint-lambrechts-woluwe/vbe36067
Bruxelles-Capitale;brussels;https://immovlan.be/en/detail/apartment/for-sale/1140/evere/vbe32350
Bruxelles-Capitale;brussels;https://immovlan.be/en/detail/apartment/for-sale/1080/sint-jans-molenbeek/vbe34837
Bruxelles-Capitale;brussels;https://immovlan.be/en/detail/apartment/for-sale/1040/etterbeek/vbe35995
Bruxelles-Capitale;brussels;https://immovlan.be/en/detail/apartment/for-sale/1080/sint-jans-molenbeek/vbe36297
Bruxelles-Capitale;brussels;https://immovlan.be/en/detail/apartment/for-sale/1060/sint-gillis/vbe36133
Bruxelles-Capitale;brussels;https://immovlan.be/en/detail/apartment/for-sale/1083/ganshoren/vbe36263
Bruxelles-Capitale;brussels;https://immovlan.be/en/detail/apartment/for-sale/1210/sint-joost-ten-node/vbe35094
Bruxelles-Capitale;brussels;https://immovlan.be/en/detail/apartment/for-sale/1140/evere/vbe36225
Bruxelles-Capitale;brussels;https://immovlan.be/en/detail/apartment/for-sale/1060/sint-gillis/vbe36132
Bruxelles-Capitale;brussels;https://immovlan.be/en/detail/apartment/for-sale/1080/sint-jans-molenbeek/vbe36391
Bruxelles-Capitale;brussels;https://immovlan.be/en/detail/apartment/for-sale/1160/oudergem/vbe32723
Bruxelles-Capitale;brussels;https://immovlan.be/en/detail/residence/for-sale/1190/vorst/vbd27505
Bruxelles-Capitale;brussels;https://immovlan.be/en/detail/duplex/for-sale/1000/brussels/vbe35095
Bruxelles-Capitale;brussels;https://immovlan.be/en/detail/apartment/for-sale/1000/brussels/vbe33925
Bruxelles-Capitale;brussels;https://immovlan.be/en/detail/apartment/for-sale/1030/schaarbeek/vbe34000
Bruxelles-Capitale;brussels;https://immovlan.be/en/detail/ground-floor/for-sale/1050/elsene/vbe32440
Bruxelles-Capitale;brussels;https://immovlan.be/en/detail/duplex/for-sale/1070/anderlecht/vbe34263
Bruxelles-Capitale;brussels;https://immovlan.be/en/detail/apartment/for-sale/1050/elsene/vbe35040
Bruxelles-Capitale;brussels;https://immovlan.be/en/detail/apartment/for-sale/1000/brussels/vbe29392
Bruxelles-Capitale;brussels;https://immovlan.be/en/detail/apartment/for-sale/1140/evere/vbe36232
Bruxelles-Capitale;brussels;https://immovlan.be/en/detail/apartment/for-sale/1050/elsene/vbe35996
Bruxelles-Capitale;brussels;https://immovlan.be/en/detail/mixed-building/for-sale/1060/sint-gillis/vbe31787
Bruxelles-Capitale;brussels;https://immovlan.be/en/detail/mixed-building/for-sale/1080/sint-jans-molenbeek/vbe09500
Bruxelles-Capitale;brussels;https://immovlan.be/en/detail/apartment/for-sale/1030/schaarbeek/rbw12367
Bruxelles-Capitale;brussels;https://immovlan.be/en/detail/mixed-building/for-sale/1160/oudergem/vbe34034
Bruxelles-Capitale;brussels;https://immovlan.be/en/detail/mixed-building/for-sale/1080/sint-jans-molenbeek/vbe33924
Bruxelles-Capitale;brussels;https://immovlan.be/en/detail/penthouse/for-sale/1040/etterbeek/vbe35909
Bruxelles-Capitale;brussels;https://immovlan.be/en/detail/mixed-building/for-sale/1050/elsene/vbe35987
Bruxelles-Capitale;brussels;https://immovlan.be/en/detail/residence/for-sale/1040/etterbeek/vbe35931
Bruxelles-Capitale;brussels;https://immovlan.be/en/detail/triplex/for-sale/1050/elsene/vbe35944
Bruxelles-Capitale;brussels;https://immovlan.be/en/detail/apartment/for-sale/1050/elsene/vbe35771
Bruxelles-Capitale;brussels;https://immovlan.be/en/detail/apartment/for-sale/1050/elsene/vbe35614
Bruxelles-Capitale;brussels;https://immovlan.be/en/detail/residence/for-sale/1150/sint-pieters-woluwe/vbe35189
Bruxelles-Capitale;brussels;https://immovlan.be/en/detail/penthouse/for-sale/1200/sint-lambrechts-woluwe/vbe36021
Bruxelles-Capitale;brussels;https://immovlan.be/en/detail/apartment/for-sale/1050/elsene/rbw17015
Bruxelles-Capitale;brussels;https://immovlan.be/en/detail/apartment/for-sale/1180/ukkel/vbe35958
Bruxelles-Capitale;brussels;https://immovlan.be/en/detail/villa/for-sale/1180/ukkel/vbe35660
Bruxelles-Capitale;brussels;https://immovlan.be/en/detail/mixed-building/for-sale/1210/sint-joost-ten-node/vbe36053
Bruxelles-Capitale;brussels;https://immovlan.be/en/detail/residence/for-sale/1180/ukkel/rbw24543
Bruxelles-Capitale;brussels;https://immovlan.be/en/detail/villa/for-sale/1180/ukkel/vwd17855
Bruxelles-Capitale;brussels;https://immovlan.be/en/detail/master-house/for-sale/1000/brussels/vbe31984
Bruxelles-Capitale;brussels;https://immovlan.be/en/detail/villa/for-sale/1180/ukkel/vbe35560
Bruxelles-Capitale;brussels;https://immovlan.be/en/detail/apartment/for-sale/1180/ukkel/vbe36125
Flandre;antwerp;https://immovlan.be/en/detail/residence/for-sale/2870/breendonk/rbw24668
Flandre;antwerp;https://immovlan.be/en/detail/apartment/for-sale/2300/turnhout/rbw24876
Flandre;antwerp;https://immovlan.be/en/detail/apartment/for-sale/2100/deurne/rbw24662
Flandre;antwerp;https://immovlan.be/en/detail/apartment/for-sale/2600/berchem/rbw18132
Flandre;antwerp;https://immovlan.be/en/detail/residence/for-sale/2580/beerzel/rbw25150
Flandre;antwerp;https://immovlan.be/en/detail/residence/for-sale/2850/boom/rbw24807
Flandre;antwerp;https://immovlan.be/en/detail/residence/for-sale/2400/mol/rbw24785
Flandre;antwerp;https://immovlan.be/en/detail/residence/for-sale/2200/herentals/rbw24709
Flandre;antwerp;https://immovlan.be/en/detail/residence/for-sale/2200/herentals/rbw24708
Flandre;antwerp;https://immovlan.be/en/detail/apartment/for-sale/2600/berchem/rbw24611
Flandre;antwerp;https://immovlan.be/en/detail/apartment/for-sale/2300/turnhout/rbw24105
Flandre;antwerp;https://immovlan.be/en/detail/apartment/for-sale/2300/turnhout/rbw24104
Flandre;antwerp;https://immovlan.be/en/detail/residence/for-sale/2580/beerzel/rbw25169
Flandre;antwerp;https://immovlan.be/en/detail/apartment/for-sale/2300/turnhout/rbw16205
Flandre;antwerp;https://immovlan.be/en/detail/studio/for-sale/2000/antwerp/rbw16107
Flandre;antwerp;https://immovlan.be/en/detail/residence/for-sale/2490/balen/rbw19131
Flandre;antwerp;https://immovlan.be/en/detail/apartment/for-sale/2830/willebroek/rbw25165
Flandre;antwerp;https://immovlan.be/en/detail/residence/for-sale/2300/turnhout/rbw13423
Flandre;antwerp;https://immovlan.be/en/detail/apartment/for-sale/2610/wilrijk/rbw19129
Flandre;antwerp;https://immovlan.be/en/detail/apartment/for-sale/2060/antwerp/rbw18119
Flandre;antwerp;https://immovlan.be/en/detail/apartment/for-sale/2500/lier/rbw17632
Flandre;antwerp;https://immovlan.be/en/detail/apartment/for-sale/2390/oostmalle/rbw20430
Flandre;antwerp;https://immovlan.be/en/detail/penthouse/for-sale/2500/lier/rbw20388
Flandre;antwerp;https://immovlan.be/en/detail/residence/for-sale/2800/mechelen/rbw17564
Flandre;antwerp;https://immovlan.be/en/detail/residence/for-sale/2340/beerse/rbw18283
Flandre;antwerp;https://immovlan.be/en/detail/residence/for-sale/2800/mechelen/rbw19637
Flandre;antwerp;https://immovlan.be/en/detail/residence/for-sale/2620/hemiksem/rbw17177
Flandre;antwerp;https://immovlan.be/en/detail/residence/for-sale/2980/zoersel/rbw18281
Flandre;antwerp;https://immovlan.be/en/detail/residence/for-sale/2430/vorst/rbw16424
Flandre;antwerp;https://immovlan.be/en/detail/residence/for-sale/2840/rumst/rbw13365
Flandre;antwerp;https://immovlan.be/en/detail/residence/for-sale/2440/geel/rbw16116
Flandre;antwerp;https://immovlan.be/en/detail/residence/for-sale/2200/noorderwijk/rbw17211
Flandre;antwerp;https://immovlan.be/en/detail/residence/for-sale/2470/retie/rbw13401
Flandre;antwerp;https://immovlan.be/en/detail/residence/for-sale/2560/kessel/rbw18235
Flandre;antwerp;https://immovlan.be/en/detail/residence/for-sale/2930/brasschaat/rbw19713
Flandre;antwerp;https://immovlan.be/en/detail/villa/for-sale/2940/stabroek/rbw16345
Flandre;antwerp;https://immovlan.be/en/detail/master-house/for-sale/2600/berchem/rbw20384
Flandre;antwerp;https://immovlan.be/en/detail/residence/for-sale/2220/heist-op-den-berg/rbw23711
Flandre;antwerp;https://immovlan.be/en/detail/residence/for-sale/2930/brasschaat/rbw23706
Flandre;antwerp;https://immovlan.be/en/detail/residence/for-sale/2980/zoersel/rbw18270
Flandre;antwerp;https://immovlan.be/en/detail/residence/for-sale/2860/sint-katelijne-waver/rbw17574
Flandre;antwerp;https://immovlan.be/en/detail/villa/for-sale/2910/essen/rbw16344
Flandre;antwerp;https://immovlan.be/en/detail/apartment/for-sale/2018/antwerp/rbw23913
Flandre;antwerp;https://immovlan.be/en/detail/residence/for-sale/2018/antwerp/rbw16964
Flandre;antwerp;https://immovlan.be/en/detail/master-house/for-sale/2000/antwerp/rbw18223
Flandre;antwerp;https://immovlan.be/en/detail/villa/for-sale/2861/onze-lieve-vrouw-waver/rbw18027
Flandre;antwerp;https://immovlan.be/en/detail/villa/for-sale/2970/schilde/rbw24587
Flandre;antwerp;https://immovlan.be/en/detail/residence/for-sale/2160/wommelgem/rbw18210
Flandre;antwerp;https://immovlan.be/en/detail/residence/for-sale/2820/rijmenam/rbw17583
Flandre;antwerp;https://immovlan.be/en/detail/residence/for-sale/2930/brasschaat/rbw16052
Flandre;antwerp;https://immovlan.be/en/detail/residence/for-sale/2820/bonheiden/rbw23872
Flandre;antwerp;https://immovlan.be/en/detail/residence/for-sale/2450/meerhout/rbw19761
Flandre;antwerp;https://immovlan.be/en/detail/residence/for-sale/2460/kasterlee/rbw19387
Flandre;antwerp;https://immovlan.be/en/detail/apartment/for-sale/2800/mechelen/rbw10671
Flandre;antwerp;https://immovlan.be/en/detail/residence/for-sale/2650/edegem/rbv93343
Flandre;antwerp;https://immovlan.be/en/detail/residence/for-sale/2580/beerzel/rbw25171
Flandre;antwerp;https://immovlan.be/en/detail/residence/for-sale/2830/willebroek/rbw19245
Flandre;antwerp;https://immovlan.be/en/detail/residence/for-sale/2830/willebroek/rbw19246
Flandre;antwerp;https://immovlan.be/en/detail/apartment/for-sale/2000/antwerp/rbw16917
Flandre;antwerp;https://immovlan.be/en/detail/residence/for-sale/2960/brecht/rbw11022
Flandre;antwerp;https://immovlan.be/en/detail/mixed-building/for-sale/2800/mechelen/vbe31976
Flandre;antwerp;https://immovlan.be/en/detail/apartment/for-sale/2850/boom/rwc42730
Flandre;antwerp;https://immovlan.be/en/detail/villa/for-sale/2830/heindonk/rbw11772
Flandre;antwerp;https://immovlan.be/en/detail/villa/for-sale/2570/duffel/rbw20463
Flandre;antwerp;https://immovlan.be/en/detail/residence/for-sale/2930/brasschaat/rbw11659
Flandre;antwerp;https://immovlan.be/en/detail/residence/for-sale/2220/heist-op-den-berg/rbw20325
Flandre;antwerp;https://immovlan.be/en/detail/residence/for-sale/2340/beerse/rbw11110
Flandre;antwerp;https://immovlan.be/en/detail/apartment/for-sale/2000/antwerp/rbw20304
Flandre;antwerp;https://immovlan.be/en/detail/residence/for-sale/2970/schilde/vbe32594
Flandre;antwerp;https://immovlan.be/en/detail/apartment/for-sale/2000/antwerp/rbw11756
Flandre;antwerp;https://immovlan.be/en/detail/residence/for-sale/2820/bonheiden/vbe32359
Flandre;antwerp;https://immovlan.be/en/detail/villa/for-sale/2500/lier/rbw12490
Flandre;limburg;https://immovlan.be/en/detail/residence/for-sale/3970/leopoldsburg/rbw25424
Flandre;limburg;https://immovlan.be/en/detail/residence/for-sale/3680/maaseik/rbv36703
Flandre;limburg;https://immovlan.be/en/detail/residence/for-sale/3680/neeroeteren/rbw18297
Flandre;limburg;https://immovlan.be/en/detail/apartment/for-sale/3500/hasselt/rbw17465
Flandre;limburg;https://immovlan.be/en/detail/apartment/for-sale/3582/koersel/rbw24746
Flandre;limburg;https://immovlan.be/en/detail/residence/for-sale/3830/wellen/rbw17484
Flandre;limburg;https://immovlan.be/en/detail/residence/for-sale/3800/sint-truiden/rbv67203
Flandre;limburg;https://immovlan.be/en/detail/apartment/for-sale/3545/halen/rbw17434
Flandre;limburg;https://immovlan.be/en/detail/apartment/for-sale/3700/tongeren/vwd17412
Flandre;limburg;https://immovlan.be/en/detail/ground-floor/for-sale/3945/ham/rbw17285
Flandre;limburg;https://immovlan.be/en/detail/apartment/for-sale/3980/tessenderlo/rbw17507
Flandre;limburg;https://immovlan.be/en/detail/apartment/for-sale/3980/tessenderlo/rbw16275
Flandre;limburg;https://immovlan.be/en/detail/apartment/for-sale/3700/berg/rbw09133
Flandre;limburg;https://immovlan.be/en/detail/residence/for-sale/3620/lanaken/rbw24578
Flandre;limburg;https://immovlan.be/en/detail/residence/for-sale/3800/sint-truiden/rbw12724
Flandre;limburg;https://immovlan.be/en/detail/residence/for-sale/3650/dilsen-stokkem/rbw15939
Flandre;limburg;https://immovlan.be/en/detail/residence/for-sale/3700/berg/rbv48962
Flandre;limburg;https://immovlan.be/en/detail/apartment/for-sale/3650/dilsen-stokkem/rbw19177
Flandre;limburg;https://immovlan.be/en/detail/ground-floor/for-sale/3530/houthalen-helchteren/rbw19706
Flandre;limburg;https://immovlan.be/en/detail/residence/for-sale/3800/sint-truiden/rbw20379
Flandre;limburg;https://immovlan.be/en/detail/apartment/for-sale/3850/nieuwerkerken/rbw20378
Flandre;limburg;https://immovlan.be/en/detail/residence/for-sale/3590/diepenbeek/rbw20296
Flandre;limburg;https://immovlan.be/en/detail/duplex/for-sale/3530/houthalen-helchteren/rbw19783
Flandre;limburg;https://immovlan.be/en/detail/residence/for-sale/3581/beverlo/rbw25350
Flandre;limburg;https://immovlan.be/en/detail/residence/for-sale/3680/neeroeteren/rbw19148
Flandre;limburg;https://immovlan.be/en/detail/apartment/for-sale/3500/hasselt/rbw19164
Flandre;limburg;https://immovlan.be/en/detail/residence/for-sale/3550/heusden-zolder/rbw23876
Flandre;limburg;https://immovlan.be/en/detail/residence/for-sale/3700/berg/rbw20252
Flandre;limburg;https://immovlan.be/en/detail/apartment/for-sale/3650/dilsen-stokkem/rbw19182
Flandre;limburg;https://immovlan.be/en/detail/residence/for-sale/3680/maaseik/rbw20446
Flandre;limburg;https://immovlan.be/en/detail/residence/for-sale/3980/tessenderlo/rbw20241
Flandre;limburg;https://immovlan.be/en/detail/residence/for-sale/3830/wellen/rbw19280
Flandre;limburg;https://immovlan.be/en/detail/residence/for-sale/3800/sint-truiden/rbw23978
Flandre;limburg;https://immovlan.be/en/detail/apartment/for-sale/3650/dilsen-stokkem/rbw19179
Flandre;limburg;https://immovlan.be/en/detail/residence/for-sale/3800/sint-truiden/rbw25230
Flandre;limburg;https://immovlan.be/en/detail/residence/for-sale/3583/paal/rbw23874
Flandre;limburg;https://immovlan.be/en/detail/apartment/for-sale/3940/hechtel/rbw20298
Flandre;limburg;https://immovlan.be/en/detail/residence/for-sale/3500/hasselt/rbw19781
Flandre;limburg;https://immovlan.be/en/detail/residence/for-sale/3550/zolder/rbw23955
Flandre;limburg;https://immovlan.be/en/detail/residence/for-sale/3550/heusden-zolder/rbw24745
Flandre;limburg;https://immovlan.be/en/detail/residence/for-sale/3890/gingelom/rbw25231
Flandre;limburg;https://immovlan.be/en/detail/residence/for-sale/3530/houthalen-helchteren/rbw24575
Flandre;limburg;https://immovlan.be/en/detail/residence/for-sale/3650/dilsen-stokkem/rbw23634
Flandre;limburg;https://immovlan.be/en/detail/residence/for-sale/3600/genk/rbw24653
Flandre;limburg;https://immovlan.be/en/detail/residence/for-sale/3600/genk/rbw25390
Flandre;limburg;https://immovlan.be/en/detail/residence/for-sale/3600/genk/rbw25355
Flandre;limburg;https://immovlan.be/en/detail/residence/for-sale/3600/genk/rbw24654
Flandre;limburg;https://immovlan.be/en/detail/apartment/for-sale/3650/dilsen-stokkem/rbw19178
Flandre;limburg;https://immovlan.be/en/detail/cottage/for-sale/3581/beverlo/rbw19707
Flandre;limburg;https://immovlan.be/en/detail/residence/for-sale/3582/koersel/rbw24540
Flandre;limburg;https://immovlan.be/en/detail/residence/for-sale/3640/kessenich/rbw23684
Flandre;limburg;https://immovlan.be/en/detail/residence/for-sale/3600/genk/rbw25392
Flandre;limburg;https://immovlan.be/en/detail/residence/for-sale/3570/alken/rbw23883
Flandre;limburg;https://immovlan.be/en/detail/apartment/for-sale/3500/hasselt/rbw23877
Flandre;limburg;https://immovlan.be/en/detail/residence/for-sale/3770/riemst/rbw20361
Flandre;limburg;https://immovlan.be/en/detail/residence/for-sale/3580/beringen/rbw19704
Flandre;limburg;https://immovlan.be/en/detail/residence/for-sale/3970/leopoldsburg/rbw23958
Flandre;limburg;https://immovlan.be/en/detail/residence/for-sale/3540/herk-de-stad/rbw23830
Flandre;limburg;https://immovlan.be/en/detail/mixed-building/for-sale/3640/kessenich/rbw23683
Flandre;limburg;https://immovlan.be/en/detail/residence/for-sale/3620/lanaken/rbw18524
Flandre;limburg;https://immovlan.be/en/detail/residence/for-sale/3940/hechtel/rbw18308
Flandre;limburg;https://immovlan.be/en/detail/residence/for-sale/3940/hechtel/rbw16874
Flandre;limburg;https://immovlan.be/en/detail/residence/for-sale/3582/koersel/rbw23881
Flandre;limburg;https://immovlan.be/en/detail/residence/for-sale/3583/paal/rbw24550
Flandre;limburg;https://immovlan.be/en/detail/residence/for-sale/3500/hasselt/rbw17449
Flandre;limburg;https://immovlan.be/en/detail/apartment/for-sale/3920/lommel/rbw18065
Flandre;limburg;https://immovlan.be/en/detail/villa/for-sale/3920/lommel/rbw17496
Flandre;limburg;https://immovlan.be/en/detail/residence/for-sale/3511/kuringen/rbw25351
Flandre;limburg;https://immovlan.be/en/detail/residence/for-sale/3650/dilsen-stokkem/rbw20445
Flandre;limburg;https://immovlan.be/en/detail/residence/for-sale/3980/tessenderlo/rbw17329
Flandre;limburg;https://immovlan.be/en/detail/residence/for-sale/3520/zonhoven/rbw17450
Flandre;limburg;https://immovlan.be/en/detail/residence/for-sale/3680/maaseik/rbw19497
Flandre;limburg;https://immovlan.be/en/detail/residence/for-sale/3583/paal/rbw19523
Flandre;limburg;https://immovlan.be/en/detail/residence/for-sale/3680/maaseik/rbw19524
Flandre;limburg;https://immovlan.be/en/detail/residence/for-sale/3511/kuringen/rbw25352
Flandre;limburg;https://immovlan.be/en/detail/residence/for-sale/3582/koersel/rbw19708
Flandre;limburg;https://immovlan.be/en/detail/residence/for-sale/3580/beringen/rbw19165
Flandre;limburg;https://immovlan.be/en/detail/residence/for-sale/3583/paal/rbv92897
Flandre;limburg;https://immovlan.be/en/detail/residence/for-sale/3700/tongeren/rbv75274
Flandre;limburg;https://immovlan.be/en/detail/residence/for-sale/3920/lommel/rbv90073
Flandre;limburg;https://immovlan.be/en/detail/villa/for-sale/3950/bocholt/rbw19782
Flandre;limburg;https://immovlan.be/en/detail/master-house/for-sale/3545/zelem/rbw10874
Flandre;limburg;https://immovlan.be/en/detail/residence/for-sale/3800/sint-truiden/rbv80512
Flandre;limburg;https://immovlan.be/en/detail/residence/for-sale/3582/koersel/rbv71320
Flandre;limburg;https://immovlan.be/en/detail/villa/for-sale/3850/binderveld/rbw10337
Flandre;limburg;https://immovlan.be/en/detail/mixed-building/for-sale/3650/dilsen-stokkem/rbw02923
Flandre;limburg;https://immovlan.be/en/detail/residence/for-sale/3590/diepenbeek/rbv95535
Flandre;limburg;https://immovlan.be/en/detail/residence/for-sale/3590/diepenbeek/rbw03330
Flandre;limburg;https://immovlan.be/en/detail/residence/for-sale/3520/zonhoven/rbv95083
Flandre;limburg;https://immovlan.be/en/detail/villa/for-sale/3582/koersel/rbv80204
Flandre;limburg;https://immovlan.be/en/detail/residence/for-sale/3500/hasselt/rbw12744
Flandre;limburg;https://immovlan.be/en/detail/residence/for-sale/3550/heusden-zolder/rbv92893
Flandre;limburg;https://immovlan.be/en/detail/penthouse/for-sale/3500/hasselt/rbw12577
Flandre;limburg;https://immovlan.be/en/detail/villa/for-sale/3540/herk-de-stad/rbv94138
Flandre;limburg;https://immovlan.be/en/detail/residence/for-sale/3550/heusden-zolder/rbv84704
Flandre;limburg;https://immovlan.be/en/detail/mixed-building/for-sale/3680/maaseik/rbv82555
Flandre;limburg;https://immovlan.be/en/detail/residence/for-sale/3550/heusden-zolder/rbv56507
Flandre;limburg;https://immovlan.be/en/detail/villa/for-sale/3680/maaseik/rbv03920
Flandre;limburg;https://immovlan.be/en/detail/residence/for-sale/3800/sint-truiden/rbv86039
Flandre;limburg;https://immovlan.be/en/detail/mixed-building/for-sale/3800/sint-truiden/rbu93867
Flandre;limburg;https://immovlan.be/en/detail/penthouse/for-sale/3580/beringen/rbv30897
Flandre;limburg;https://immovlan.be/en/detail/villa/for-sale/3520/zonhoven/rbv88515
Flandre;limburg;https://immovlan.be/en/detail/apartment/for-sale/3800/sint-truiden/rbu93868
Flandre;limburg;https://immovlan.be/en/detail/residence/for-sale/3550/heusden-zolder/rbu82584
Flandre;limburg;https://immovlan.be/en/detail/residence/for-sale/3550/heusden-zolder/rbw04203
Flandre;limburg;https://immovlan.be/en/detail/mixed-building/for-sale/3960/bree/rbv80297
Flandre;limburg;https://immovlan.be/en/detail/mixed-building/for-sale/3640/kinrooi/rbv80083
Flandre;limburg;https://immovlan.be/en/detail/villa/for-sale/3520/zonhoven/rbw20297
Flandre;east-flanders;https://immovlan.be/en/detail/residence/for-sale/9600/ronse/rbw20337
Flandre;east-flanders;https://immovlan.be/en/detail/residence/for-sale/9600/ronse/rbw23659
Flandre;east-flanders;https://immovlan.be/en/detail/residence/for-sale/9260/wichelen/rbw24774
Flandre;east-flanders;https://immovlan.be/en/detail/residence/for-sale/9260/wichelen/rbw24726
Flandre;east-flanders;https://immovlan.be/en/detail/residence/for-sale/9500/geraardsbergen/rbw24609
Flandre;east-flanders;https://immovlan.be/en/detail/residence/for-sale/9890/gavere/rbw24795
Flandre;east-flanders;https://immovlan.be/en/detail/residence/for-sale/9600/ronse/rbw18861
Flandre;east-flanders;https://immovlan.be/en/detail/apartment/for-sale/9600/ronse/vbe36238
Flandre;east-flanders;https://immovlan.be/en/detail/apartment/for-sale/9100/sint-niklaas/rbw20307
Flandre;east-flanders;https://immovlan.be/en/detail/apartment/for-sale/9470/denderleeuw/vbe35486
Flandre;east-flanders;https://immovlan.be/en/detail/residence/for-sale/9600/ronse/rbw19749
Flandre;east-flanders;https://immovlan.be/en/detail/studio/for-sale/9000/gent/rbw23661
Flandre;east-flanders;https://immovlan.be/en/detail/apartment/for-sale/9230/wetteren/rbw24773
Flandre;east-flanders;https://immovlan.be/en/detail/studio/for-sale/9600/ronse/rbw23654
Flandre;east-flanders;https://immovlan.be/en/detail/duplex/for-sale/9600/ronse/rbw23975
Flandre;east-flanders;https://immovlan.be/en/detail/residence/for-sale/9230/wetteren/rbw20441
Flandre;east-flanders;https://immovlan.be/en/detail/residence/for-sale/9190/stekene/rbw23675
Flandre;east-flanders;https://immovlan.be/en/detail/residence/for-sale/9500/overboelare/rbw23705
Flandre;east-flanders;https://immovlan.be/en/detail/residence/for-sale/9230/wetteren/rbw24751
Flandre;east-flanders;https://immovlan.be/en/detail/apartment/for-sale/9000/gent/rbw17018
Flandre;east-flanders;https://immovlan.be/en/detail/residence/for-sale/9000/gent/rbw25340
Flandre;east-flanders;https://immovlan.be/en/detail/residence/for-sale/9620/zottegem/rbw25347
Flandre;east-flanders;https://immovlan.be/en/detail/apartment/for-sale/9600/ronse/rbw25107
Flandre;east-flanders;https://immovlan.be/en/detail/residence/for-sale/9000/gent/rbw25086
Flandre;east-flanders;https://immovlan.be/en/detail/apartment/for-sale/9000/gent/rbw18718
Flandre;east-flanders;https://immovlan.be/en/detail/residence/for-sale/9240/zele/rbw25406
Flandre;east-flanders;https://immovlan.be/en/detail/residence/for-sale/9100/sint-niklaas/rbw25369
Flandre;east-flanders;https://immovlan.be/en/detail/residence/for-sale/9090/melle/rbw20118
Flandre;east-flanders;https://immovlan.be/en/detail/residence/for-sale/9600/ronse/rbw18858
Flandre;east-flanders;https://immovlan.be/en/detail/residence/for-sale/9600/ronse/rbw18859
Flandre;east-flanders;https://immovlan.be/en/detail/residence/for-sale/9700/ename/rbw09081
Flandre;east-flanders;https://immovlan.be/en/detail/apartment/for-sale/9990/maldegem/rbw24841
Flandre;east-flanders;https://immovlan.be/en/detail/residence/for-sale/9600/ronse/rbw25109
Flandre;east-flanders;https://immovlan.be/en/detail/residence/for-sale/9080/lochristi/rwc42823
Flandre;east-flanders;https://immovlan.be/en/detail/bungalow/for-sale/9880/aalter/rbw18304
Flandre;east-flanders;https://immovlan.be/en/detail/residence/for-sale/9120/beveren/rbw16332
Flandre;east-flanders;https://immovlan.be/en/detail/residence/for-sale/9140/temse/rbw16105
Flandre;east-flanders;https://immovlan.be/en/detail/residence/for-sale/9130/doel/rbw25430
Flandre;east-flanders;https://immovlan.be/en/detail/residence/for-sale/9550/herzele/rbw12585
Flandre;east-flanders;https://immovlan.be/en/detail/villa/for-sale/9220/hamme/rbw13354
Flandre;east-flanders;https://immovlan.be/en/detail/residence/for-sale/9070/destelbergen/rbw11522
Flandre;east-flanders;https://immovlan.be/en/detail/residence/for-sale/9040/sint-amandsberg/rbw17231
Flandre;east-flanders;https://immovlan.be/en/detail/duplex/for-sale/9830/sint-martens-latem/rbw19511
Flandre;east-flanders;https://immovlan.be/en/detail/master-house/for-sale/9000/gent/rbw16222
Flandre;east-flanders;https://immovlan.be/en/detail/villa/for-sale/9220/hamme/rbw23713
Flandre;east-flanders;https://immovlan.be/en/detail/residence/for-sale/9470/denderleeuw/rbw11762
Flandre;east-flanders;https://immovlan.be/en/detail/villa/for-sale/9770/kruisem/rbw16936
Flandre;east-flanders;https://immovlan.be/en/detail/villa/for-sale/9771/nokere/rbw16838
Flandre;east-flanders;https://immovlan.be/en/detail/villa/for-sale/9770/kruishoutem/rbw12359
Flandre;east-flanders;https://immovlan.be/en/detail/residence/for-sale/9630/zwalm/rbw19243
Flandre;east-flanders;https://immovlan.be/en/detail/residence/for-sale/9031/drongen/rbw15960
Flandre;east-flanders;https://immovlan.be/en/detail/residence/for-sale/9660/brakel/rbw19029
Flandre;east-flanders;https://immovlan.be/en/detail/residence/for-sale/9140/tielrode/rbw20306
Flandre;east-flanders;https://immovlan.be/en/detail/residence/for-sale/9690/kluisbergen/vbe35493
Flandre;east-flanders;https://immovlan.be/en/detail/residence/for-sale/9100/sint-niklaas/rwc42799
Flandre;east-flanders;https://immovlan.be/en/detail/master-house/for-sale/9000/gent/vbe33632
Flandre;east-flanders;https://immovlan.be/en/detail/residence/for-sale/9770/kruishoutem/rbv96451
Flandre;east-flanders;https://immovlan.be/en/detail/residence/for-sale/9500/geraardsbergen/rbw23650
Flandre;east-flanders;https://immovlan.be/en/detail/residence/for-sale/9700/oudenaarde/rbw12331
Flandre;east-flanders;https://immovlan.be/en/detail/residence/for-sale/9831/deurle/rbw08750
Flandre;east-flanders;https://immovlan.be/en/detail/residence/for-sale/9960/assenede/rbw04761
Flandre;east-flanders;https://immovlan.be/en/detail/residence/for-sale/9910/knesselare/rbv61029
Flandre;east-flanders;https://immovlan.be/en/detail/apartment/for-sale/9000/gent/rbw15958
Flandre;east-flanders;https://immovlan.be/en/detail/residence/for-sale/9000/gent/rbv07626
Flandre;east-flanders;https://immovlan.be/en/detail/residence/for-sale/9500/geraardsbergen/rbw05228
Flandre;east-flanders;https://immovlan.be/en/detail/residence/for-sale/9080/lochristi/rbw13349
Flandre;east-flanders;https://immovlan.be/en/detail/villa/for-sale/9820/merelbeke/rbw02363
Flandre;east-flanders;https://immovlan.be/en/detail/villa/for-sale/9830/sint-martens-latem/rbw02927
Flandre;east-flanders;https://immovlan.be/en/detail/villa/for-sale/9506/grimminge/rbw17268
Flandre;east-flanders;https://immovlan.be/en/detail/residence/for-sale/9840/de-pinte/rbw23905
Flandre;east-flanders;https://immovlan.be/en/detail/villa/for-sale/9830/sint-martens-latem/rwc42724
Flandre;east-flanders;https://immovlan.be/en/detail/residence/for-sale/9600/ronse/rbv96422
Flandre;east-flanders;https://immovlan.be/en/detail/cottage/for-sale/9881/bellem/rwc42735
Flandre;vlaams-brabant;https://immovlan.be/en/detail/residence/for-sale/1502/lembeek/rbv66426
Flandre;vlaams-brabant;https://immovlan.be/en/detail/apartment/for-sale/1831/diegem/rbw19278
Flandre;vlaams-brabant;https://immovlan.be/en/detail/apartment/for-sale/1730/asse/rbw09942
Flandre;vlaams-brabant;https://immovlan.be/en/detail/mixed-building/for-sale/1790/affligem/rbw18026
Flandre;vlaams-brabant;https://immovlan.be/en/detail/apartment/for-sale/1932/woluwe-saint-etienne/vbe33633
Flandre;vlaams-brabant;https://immovlan.be/en/detail/apartment/for-sale/1702/groot-bijgaarden/rbw25432
Flandre;vlaams-brabant;https://immovlan.be/en/detail/apartment/for-sale/1930/zaventem/vbe32711
Flandre;vlaams-brabant;https://immovlan.be/en/detail/apartment/for-sale/1731/relegem/rbw11797
Flandre;vlaams-brabant;https://immovlan.be/en/detail/chalet/for-sale/1730/asse/rbw25431
Flandre;vlaams-brabant;https://immovlan.be/en/detail/apartment/for-sale/1800/vilvoorde/vbe30323
Flandre;vlaams-brabant;https://immovlan.be/en/detail/apartment/for-sale/1800/vilvoorde/vbe30322
Flandre;vlaams-brabant;https://immovlan.be/en/detail/studio/for-sale/1730/asse/rbw09941
Flandre;vlaams-brabant;https://immovlan.be/en/detail/studio/for-sale/3001/heverlee/rbw12459
Flandre;vlaams-brabant;https://immovlan.be/en/detail/apartment/for-sale/1731/relegem/rbw11474
Flandre;vlaams-brabant;https://immovlan.be/en/detail/residence/for-sale/1800/vilvoorde/rbw16220
Flandre;vlaams-brabant;https://immovlan.be/en/detail/apartment/for-sale/1731/zellik/rbw18075
Flandre;vlaams-brabant;https://immovlan.be/en/detail/studio/for-sale/3001/heverlee/rbw08985
Flandre;vlaams-brabant;https://immovlan.be/en/detail/apartment/for-sale/3001/heverlee/rbw24664
Flandre;vlaams-brabant;https://immovlan.be/en/detail/apartment/for-sale/1600/sint-pieters-leeuw/rbw24640
Flandre;vlaams-brabant;https://immovlan.be/en/detail/residence/for-sale/1600/sint-pieters-leeuw/rbw24733
Flandre;vlaams-brabant;https://immovlan.be/en/detail/residence/for-sale/1601/ruisbroek/vbe36283
Flandre;vlaams-brabant;https://immovlan.be/en/detail/ground-floor/for-sale/1600/sint-pieters-leeuw/rbw19202
Flandre;vlaams-brabant;https://immovlan.be/en/detail/ground-floor/for-sale/1640/sint-genesius-rode/vbe36392
Flandre;vlaams-brabant;https://immovlan.be/en/detail/chalet/for-sale/3078/everberg/rbw25371
Flandre;vlaams-brabant;https://immovlan.be/en/detail/apartment/for-sale/1700/dilbeek/rbw25372
Flandre;vlaams-brabant;https://immovlan.be/en/detail/apartment/for-sale/1800/vilvoorde/rbw24731
Flandre;vlaams-brabant;https://immovlan.be/en/detail/residence/for-sale/1730/asse/rbw24631
Flandre;vlaams-brabant;https://immovlan.be/en/detail/residence/for-sale/3300/oplinter/rbw23977
Flandre;vlaams-brabant;https://immovlan.be/en/detail/residence/for-sale/1500/halle/rbw25343
Flandre;vlaams-brabant;https://immovlan.be/en/detail/apartment/for-sale/1831/diegem/vbe35917
Flandre;vlaams-brabant;https://immovlan.be/en/detail/residence/for-sale/1851/humbeek/rbw24752
Flandre;vlaams-brabant;https://immovlan.be/en/detail/apartment/for-sale/1500/halle/rbw24006
Flandre;vlaams-brabant;https://immovlan.be/en/detail/residence/for-sale/1880/kapelle-op-den-bos/rbw24753
Flandre;vlaams-brabant;https://immovlan.be/en/detail/residence/for-sale/1502/lembeek/rbw12365
Flandre;vlaams-brabant;https://immovlan.be/en/detail/residence/for-sale/3020/herent/rbw25188
Flandre;vlaams-brabant;https://immovlan.be/en/detail/triplex/for-sale/1620/drogenbos/rbw25398
Flandre;vlaams-brabant;https://immovlan.be/en/detail/residence/for-sale/1981/hofstade/rbw24749
Flandre;vlaams-brabant;https://immovlan.be/en/detail/apartment/for-sale/1500/halle/rbw24734
Flandre;vlaams-brabant;https://immovlan.be/en/detail/apartment/for-sale/1850/grimbergen/rbw24806
Flandre;vlaams-brabant;https://immovlan.be/en/detail/residence/for-sale/3080/tervuren/rbw01306
Flandre;vlaams-brabant;https://immovlan.be/en/detail/residence/for-sale/3190/boortmeerbeek/rbw09765
Flandre;vlaams-brabant;https://immovlan.be/en/detail/residence/for-sale/1981/hofstade/rbw24737
Flandre;vlaams-brabant;https://immovlan.be/en/detail/residence/for-sale/1730/asse/rbw24796
Flandre;vlaams-brabant;https://immovlan.be/en/detail/residence/for-sale/3000/leuven/rbw25189
Flandre;vlaams-brabant;https://immovlan.be/en/detail/residence/for-sale/3271/averbode/rbw24853
Flandre;vlaams-brabant;https://immovlan.be/en/detail/residence/for-sale/1702/groot-bijgaarden/rbw18012
Flandre;vlaams-brabant;https://immovlan.be/en/detail/residence/for-sale/3080/tervuren/rbw11592
Flandre;vlaams-brabant;https://immovlan.be/en/detail/residence/for-sale/1800/vilvoorde/vbe35957
Flandre;vlaams-brabant;https://immovlan.be/en/detail/residence/for-sale/1770/liedekerke/rbw25425
Flandre;vlaams-brabant;https://immovlan.be/en/detail/apartment/for-sale/3040/huldenberg/rbw18343
Flandre;vlaams-brabant;https://immovlan.be/en/detail/residence/for-sale/1820/steenokkerzeel/rbw25397
Flandre;vlaams-brabant;https://immovlan.be/en/detail/apartment/for-sale/1780/wemmel/vbe36237
Flandre;vlaams-brabant;https://immovlan.be/en/detail/residence/for-sale/1932/woluwe-saint-etienne/vbe36254
Flandre;vlaams-brabant;https://immovlan.be/en/detail/villa/for-sale/1570/galmaarden/rbw25396
Flandre;vlaams-brabant;https://immovlan.be/en/detail/residence/for-sale/1820/steenokkerzeel/rbw25378
Flandre;vlaams-brabant;https://immovlan.be/en/detail/residence/for-sale/3120/tremelo/rbw18950
Flandre;vlaams-brabant;https://immovlan.be/en/detail/residence/for-sale/1547/bever/rbw09731
Flandre;vlaams-brabant;https://immovlan.be/en/detail/villa/for-sale/1700/dilbeek/rbw24776
Flandre;vlaams-brabant;https://immovlan.be/en/detail/villa/for-sale/1640/sint-genesius-rode/vbe34924
Flandre;vlaams-brabant;https://immovlan.be/en/detail/residence/for-sale/3090/overijse/rbw24800
Flandre;vlaams-brabant;https://immovlan.be/en/detail/residence/for-sale/1790/affligem/rbw25426
Flandre;vlaams-brabant;https://immovlan.be/en/detail/residence/for-sale/1930/nossegem/rbw18025
Flandre;vlaams-brabant;https://immovlan.be/en/detail/villa/for-sale/1731/zellik/vwd17777
Flandre;vlaams-brabant;https://immovlan.be/en/detail/villa/for-sale/1820/steenokkerzeel/rbw23868
Flandre;vlaams-brabant;https://immovlan.be/en/detail/residence/for-sale/1652/alsemberg/vbe34462
Flandre;vlaams-brabant;https://immovlan.be/en/detail/residence/for-sale/1950/kraainem/rbw19063
Flandre;vlaams-brabant;https://immovlan.be/en/detail/residence/for-sale/1640/sint-genesius-rode/vbe34460
Flandre;vlaams-brabant;https://immovlan.be/en/detail/residence/for-sale/1933/sterrebeek/rbw23672
Flandre;vlaams-brabant;https://immovlan.be/en/detail/villa/for-sale/1780/wemmel/rbw20130
Flandre;vlaams-brabant;https://immovlan.be/en/detail/residence/for-sale/1800/vilvoorde/rbw19788
Flandre;vlaams-brabant;https://immovlan.be/en/detail/ground-floor/for-sale/1933/sterrebeek/rwc42811
Flandre;vlaams-brabant;https://immovlan.be/en/detail/residence/for-sale/1820/steenokkerzeel/rbw23645
Flandre;vlaams-brabant;https://immovlan.be/en/detail/residence/for-sale/1970/wezembeek-oppem/vbe36275
Flandre;vlaams-brabant;https://immovlan.be/en/detail/residence/for-sale/1785/merchtem/rbw18090
Flandre;vlaams-brabant;https://immovlan.be/en/detail/residence/for-sale/1860/meise/rbw25160
Flandre;vlaams-brabant;https://immovlan.be/en/detail/residence/for-sale/1970/wezembeek-oppem/rbw18358
Flandre;vlaams-brabant;https://immovlan.be/en/detail/villa/for-sale/1860/meise/rbw16277
Flandre;vlaams-brabant;https://immovlan.be/en/detail/residence/for-sale/3090/overijse/rbw20443
Flandre;vlaams-brabant;https://immovlan.be/en/detail/villa/for-sale/1650/beersel/vbe34774
Flandre;vlaams-brabant;https://immovlan.be/en/detail/residence/for-sale/3128/baal/rbw19607
Flandre;vlaams-brabant;https://immovlan.be/en/detail/villa/for-sale/1950/kraainem/vbe34088
Flandre;vlaams-brabant;https://immovlan.be/en/detail/residence/for-sale/1560/hoeilaart/rbw17925
Flandre;vlaams-brabant;https://immovlan.be/en/detail/residence/for-sale/1700/dilbeek/rbw19054
Flandre;vlaams-brabant;https://immovlan.be/en/detail/villa/for-sale/1640/sint-genesius-rode/vbe33931
Flandre;vlaams-brabant;https://immovlan.be/en/detail/residence/for-sale/1640/sint-genesius-rode/vbe33191
Flandre;vlaams-brabant;https://immovlan.be/en/detail/residence/for-sale/1703/schepdaal/rbw18330
Flandre;vlaams-brabant;https://immovlan.be/en/detail/residence/for-sale/3090/overijse/vbe34315
Flandre;vlaams-brabant;https://immovlan.be/en/detail/penthouse/for-sale/1970/wezembeek-oppem/rbw19751
Flandre;vlaams-brabant;https://immovlan.be/en/detail/villa/for-sale/3001/heverlee/rbw18369
Flandre;vlaams-brabant;https://immovlan.be/en/detail/villa/for-sale/1640/sint-genesius-rode/vbe34430
Flandre;vlaams-brabant;https://immovlan.be/en/detail/villa/for-sale/3001/heverlee/rbw19780
Flandre;vlaams-brabant;https://immovlan.be/en/detail/residence/for-sale/1850/grimbergen/rbw20381
Flandre;vlaams-brabant;https://immovlan.be/en/detail/residence/for-sale/1640/sint-genesius-rode/vbe35713
Flandre;vlaams-brabant;https://immovlan.be/en/detail/mixed-building/for-sale/3001/heverlee/rbw18370
Flandre;vlaams-brabant;https://immovlan.be/en/detail/villa/for-sale/1640/sint-genesius-rode/vbe33675
Flandre;vlaams-brabant;https://immovlan.be/en/detail/residence/for-sale/3080/tervuren/rbw24801
Flandre;vlaams-brabant;https://immovlan.be/en/detail/residence/for-sale/1600/sint-pieters-leeuw/rbw24732
Flandre;vlaams-brabant;https://immovlan.be/en/detail/villa/for-sale/1701/itterbeek/rbw18043
Flandre;vlaams-brabant;https://immovlan.be/en/detail/penthouse/for-sale/3080/tervuren/rbw19752
Flandre;vlaams-brabant;https://immovlan.be/en/detail/villa/for-sale/1950/kraainem/rbw19577
Flandre;vlaams-brabant;https://immovlan.be/en/detail/residence/for-sale/3140/keerbergen/rbw19207
Flandre;west-flanders;https://immovlan.be/en/detail/apartment/for-sale/8800/roeselare/rbw24592
Flandre;west-flanders;https://immovlan.be/en/detail/apartment/for-sale/8580/avelgem/rbw24595
Flandre;west-flanders;https://immovlan.be/en/detail/studio/for-sale/8670/koksijde/rbw25374
Flandre;west-flanders;https://immovlan.be/en/detail/residence/for-sale/8820/torhout/rbw24046
Flandre;west-flanders;https://immovlan.be/en/detail/bungalow/for-sale/8820/torhout/rbw24045
Flandre;west-flanders;https://immovlan.be/en/detail/residence/for-sale/8600/diksmuide/rbw25358
Flandre;west-flanders;https://immovlan.be/en/detail/ground-floor/for-sale/8310/assebroek/rwc42817
Flandre;west-flanders;https://immovlan.be/en/detail/apartment/for-sale/8700/kanegem/rbw23917
Flandre;west-flanders;https://immovlan.be/en/detail/apartment/for-sale/8670/koksijde/rbw24793
Flandre;west-flanders;https://immovlan.be/en/detail/residence/for-sale/8680/koekelare/rbv81111
Flandre;west-flanders;https://immovlan.be/en/detail/apartment/for-sale/8434/westende/rbw24562
Flandre;west-flanders;https://immovlan.be/en/detail/residence/for-sale/8940/wervik/rbw24729
Flandre;west-flanders;https://immovlan.be/en/detail/apartment/for-sale/8800/roeselare/rbw24601
Flandre;west-flanders;https://immovlan.be/en/detail/apartment/for-sale/8434/westende/rbw25125
Flandre;west-flanders;https://immovlan.be/en/detail/apartment/for-sale/8400/oostende/rbw23907
Flandre;west-flanders;https://immovlan.be/en/detail/residence/for-sale/8930/menen/rbw08973
Flandre;west-flanders;https://immovlan.be/en/detail/residence/for-sale/8902/hollebeke/rwc42812
Flandre;west-flanders;https://immovlan.be/en/detail/residence/for-sale/8930/menen/rwc42019
Flandre;west-flanders;https://immovlan.be/en/detail/apartment/for-sale/8930/menen/rbw25422
Flandre;west-flanders;https://immovlan.be/en/detail/residence/for-sale/8930/menen/rwc42552
Flandre;west-flanders;https://immovlan.be/en/detail/apartment/for-sale/8620/nieuwpoort/rbw25380
Flandre;west-flanders;https://immovlan.be/en/detail/residence/for-sale/8400/oostende/rbw25420
Flandre;west-flanders;https://immovlan.be/en/detail/apartment/for-sale/8670/koksijde/rbw25427
Flandre;west-flanders;https://immovlan.be/en/detail/apartment/for-sale/8370/blankenberge/rbw11437
Flandre;west-flanders;https://immovlan.be/en/detail/residence/for-sale/8930/lauwe/vbe36278
Flandre;west-flanders;https://immovlan.be/en/detail/residence/for-sale/8760/meulebeke/rbw17352
Flandre;west-flanders;https://immovlan.be/en/detail/apartment/for-sale/8670/koksijde/rbw13604
Flandre;west-flanders;https://immovlan.be/en/detail/apartment/for-sale/8670/koksijde/rbw25402
Flandre;west-flanders;https://immovlan.be/en/detail/apartment/for-sale/8790/waregem/rbw18733
Flandre;west-flanders;https://immovlan.be/en/detail/residence/for-sale/8930/rekkem/rwc42786
Flandre;west-flanders;https://immovlan.be/en/detail/villa/for-sale/8890/moorslede/rbw10214
Flandre;west-flanders;https://immovlan.be/en/detail/residence/for-sale/8902/zillebeke/rbw12045
Flandre;west-flanders;https://immovlan.be/en/detail/residence/for-sale/8930/rekkem/rbw13670
Flandre;west-flanders;https://immovlan.be/en/detail/residence/for-sale/8970/poperinge/rbw16869
Flandre;west-flanders;https://immovlan.be/en/detail/bungalow/for-sale/8800/roeselare/rbw13280
Flandre;west-flanders;https://immovlan.be/en/detail/residence/for-sale/8800/roeselare/rbw16867
Flandre;west-flanders;https://immovlan.be/en/detail/residence/for-sale/8710/wielsbeke/rbw19143
Flandre;west-flanders;https://immovlan.be/en/detail/apartment/for-sale/8670/koksijde/rbw19689
Flandre;west-flanders;https://immovlan.be/en/detail/apartment/for-sale/8800/roeselare/rbv26629
Flandre;west-flanders;https://immovlan.be/en/detail/residence/for-sale/8870/izegem/rbw25423
Flandre;west-flanders;https://immovlan.be/en/detail/apartment/for-sale/8300/knokke-heist/rbw25384
Flandre;west-flanders;https://immovlan.be/en/detail/residence/for-sale/8800/roeselare/rbv26630
Flandre;west-flanders;https://immovlan.be/en/detail/apartment/for-sale/8660/de-panne/rbw25377
Flandre;west-flanders;https://immovlan.be/en/detail/residence/for-sale/8860/lendelede/rbw24790
Flandre;west-flanders;https://immovlan.be/en/detail/residence/for-sale/8650/houthulst/rbw24994
Flandre;west-flanders;https://immovlan.be/en/detail/residence/for-sale/8610/kortemark/rbw25083
Flandre;west-flanders;https://immovlan.be/en/detail/villa/for-sale/8300/knokke/rbw24768
Flandre;west-flanders;https://immovlan.be/en/detail/apartment/for-sale/8300/knokke-heist/rbw24767
Flandre;west-flanders;https://immovlan.be/en/detail/residence/for-sale/8400/oostende/rbw25215
Flandre;west-flanders;https://immovlan.be/en/detail/villa/for-sale/8800/roeselare/rbw24844
Flandre;west-flanders;https://immovlan.be/en/detail/residence/for-sale/8553/otegem/rbw11735
Flandre;west-flanders;https://immovlan.be/en/detail/mixed-building/for-sale/8500/kortrijk/rbw15980
Flandre;west-flanders;https://immovlan.be/en/detail/residence/for-sale/8400/oostende/rbw25141
Flandre;west-flanders;https://immovlan.be/en/detail/residence/for-sale/8800/roeselare/vbe36046
Flandre;west-flanders;https://immovlan.be/en/detail/residence/for-sale/8904/boezinge/rbw18620
Flandre;west-flanders;https://immovlan.be/en/detail/residence/for-sale/8200/sint-andries/rbw24738
Flandre;west-flanders;https://immovlan.be/en/detail/residence/for-sale/8700/tielt/rbw16259
Flandre;west-flanders;https://immovlan.be/en/detail/villa/for-sale/8720/dentergem/rbw16894
Flandre;west-flanders;https://immovlan.be/en/detail/penthouse/for-sale/8670/koksijde/rbw19038
Flandre;west-flanders;https://immovlan.be/en/detail/villa/for-sale/8310/sint-kruis/rbw23959
Flandre;west-flanders;https://immovlan.be/en/detail/residence/for-sale/8000/brugge/rbw19005
Flandre;west-flanders;https://immovlan.be/en/detail/villa/for-sale/8740/pittem/rbw24551
Flandre;west-flanders;https://immovlan.be/en/detail/apartment/for-sale/8400/oostende/rwc42228
Flandre;west-flanders;https://immovlan.be/en/detail/apartment/for-sale/8670/koksijde/rbw13333
Flandre;west-flanders;https://immovlan.be/en/detail/villa/for-sale/8670/koksijde/rbw11561
Flandre;west-flanders;https://immovlan.be/en/detail/villa/for-sale/8700/aarsele/rbw12308
Flandre;west-flanders;https://immovlan.be/en/detail/apartment/for-sale/8370/blankenberge/rbw17340
Flandre;west-flanders;https://immovlan.be/en/detail/apartment/for-sale/8301/duinbergen/rbv88339
Flandre;west-flanders;https://immovlan.be/en/detail/villa/for-sale/8200/sint-michiels/rbw13658
Flandre;west-flanders;https://immovlan.be/en/detail/residence/for-sale/8551/heestert/vbe31541
Flandre;west-flanders;https://immovlan.be/en/detail/apartment/for-sale/8670/koksijde/rbw20345
Flandre;west-flanders;https://immovlan.be/en/detail/residence/for-sale/8640/vleteren/rbw23656
Flandre;west-flanders;https://immovlan.be/en/detail/residence/for-sale/8650/houthulst/rbw10937
Flandre;west-flanders;https://immovlan.be/en/detail/cottage/for-sale/8730/beernem/rbw20440
Flandre;west-flanders;https://immovlan.be/en/detail/mixed-building/for-sale/8570/anzegem/rbw18296
Flandre;west-flanders;https://immovlan.be/en/detail/apartment/for-sale/8420/de-haan/rbw25403
Flandre;west-flanders;https://immovlan.be/en/detail/master-house/for-sale/8000/brugge/vbe31988
Flandre;west-flanders;https://immovlan.be/en/detail/cottage/for-sale/8720/dentergem/vbe35353
Flandre;west-flanders;https://immovlan.be/en/detail/apartment/for-sale/8301/duinbergen/rbv64961
Flandre;west-flanders;https://immovlan.be/en/detail/cottage/for-sale/8790/waregem/vbe33492
Flandre;west-flanders;https://immovlan.be/en/detail/villa/for-sale/8570/anzegem/rbw13344
Flandre;west-flanders;https://immovlan.be/en/detail/cottage/for-sale/8800/roeselare/rbw16931
Flandre;west-flanders;https://immovlan.be/en/detail/master-house/for-sale/8500/kortrijk/rbw23730
Flandre;west-flanders;https://immovlan.be/en/detail/residence/for-sale/8540/deerlijk/vbe34833
Flandre;west-flanders;https://immovlan.be/en/detail/residence/for-sale/8670/koksijde/rbt60699
Flandre;west-flanders;https://immovlan.be/en/detail/villa/for-sale/8580/avelgem/rbw15974
Flandre;west-flanders;https://immovlan.be/en/detail/villa/for-sale/8300/knokke/rwc42603
Flandre;west-flanders;https://immovlan.be/en/detail/residence/for-sale/8890/moorslede/rbw19145
Flandre;west-flanders;https://immovlan.be/en/detail/residence/for-sale/8300/knokke/rbw04884
Flandre;west-flanders;https://immovlan.be/en/detail/apartment/for-sale/8300/knokke-heist/rbw12115
Flandre;west-flanders;https://immovlan.be/en/detail/apartment/for-sale/8300/knokke/rbw16690
Flandre;west-flanders;https://immovlan.be/en/detail/apartment/for-sale/8300/knokke/rbv79040
Flandre;west-flanders;https://immovlan.be/en/detail/apartment/for-sale/8300/knokke/rbv67174
Wallonie;hainaut;https://immovlan.be/en/detail/residence/for-sale/7140/morlanwelz-mariemont/vbe31496
Wallonie;hainaut;https://immovlan.be/en/detail/residence/for-sale/6060/gilly/vbe32499
Wallonie;hainaut;https://immovlan.be/en/detail/residence/for-sale/7160/chapelle-lez-herlaimont/vbe32550
Wallonie;hainaut;https://immovlan.be/en/detail/residence/for-sale/7070/le-roeulx/vbe32160
Wallonie;hainaut;https://immovlan.be/en/detail/residence/for-sale/6044/roux/vbe34825
Wallonie;hainaut;https://immovlan.be/en/detail/residence/for-sale/7971/basecles/vbe33236
Wallonie;hainaut;https://immovlan.be/en/detail/residence/for-sale/6120/ham-sur-heure/vbe33425
Wallonie;hainaut;https://immovlan.be/en/detail/residence/for-sale/7100/haine-saint-pierre/rbw17034
Wallonie;hainaut;https://immovlan.be/en/detail/residence/for-sale/6061/montignies-sur-sambre/vbe32285
Wallonie;hainaut;https://immovlan.be/en/detail/residence/for-sale/6043/ransart/vbe31974
Wallonie;hainaut;https://immovlan.be/en/detail/apartment/for-sale/6000/charleroi/vbe33553
Wallonie;hainaut;https://immovlan.be/en/detail/residence/for-sale/6040/jumet/vbe35169
Wallonie;hainaut;https://immovlan.be/en/detail/residence/for-sale/6042/lodelinsart/vbe31642
Wallonie;hainaut;https://immovlan.be/en/detail/residence/for-sale/6060/gilly/vbe33105
Wallonie;hainaut;https://immovlan.be/en/detail/residence/for-sale/6030/marchienne-au-pont/vwd17821
Wallonie;hainaut;https://immovlan.be/en/detail/residence/for-sale/6250/aiseau-presles/vbe31480
Wallonie;hainaut;https://immovlan.be/en/detail/duplex/for-sale/7134/epinois/vbe35013
Wallonie;hainaut;https://immovlan.be/en/detail/residence/for-sale/7012/flenu/vbe32122
Wallonie;hainaut;https://immovlan.be/en/detail/mixed-building/for-sale/6000/charleroi/vbe34871
Wallonie;hainaut;https://immovlan.be/en/detail/residence/for-sale/6001/marcinelle/vbe33413
Wallonie;hainaut;https://immovlan.be/en/detail/residence/for-sale/7870/lens/rbw17266
Wallonie;hainaut;https://immovlan.be/en/detail/residence/for-sale/6010/couillet/vbe33534
Wallonie;hainaut;https://immovlan.be/en/detail/residence/for-sale/6280/gerpinnes/vwd17735
Wallonie;hainaut;https://immovlan.be/en/detail/residence/for-sale/6030/marchienne-au-pont/vbe32390
Wallonie;hainaut;https://immovlan.be/en/detail/residence/for-sale/7520/templeuve/vbe31639
Wallonie;hainaut;https://immovlan.be/en/detail/residence/for-sale/7100/la-louviere/vbe31287
Wallonie;hainaut;https://immovlan.be/en/detail/residence/for-sale/7160/chapelle-lez-herlaimont/vbe33645
Wallonie;hainaut;https://immovlan.be/en/detail/villa/for-sale/6040/jumet/vbe34647
Wallonie;hainaut;https://immovlan.be/en/detail/residence/for-sale/7110/strepy-bracquegnies/vbe30289
Wallonie;hainaut;https://immovlan.be/en/detail/master-house/for-sale/7180/seneffe/vbe34353
Wallonie;hainaut;https://immovlan.be/en/detail/residence/for-sale/7750/amougies/vbe34776
Wallonie;hainaut;https://immovlan.be/en/detail/residence/for-sale/6001/marcinelle/vbe30426
Wallonie;hainaut;https://immovlan.be/en/detail/residence/for-sale/6061/montignies-sur-sambre/vbe33539
Wallonie;hainaut;https://immovlan.be/en/detail/residence/for-sale/6183/trazegnies/vbe35167
Wallonie;hainaut;https://immovlan.be/en/detail/residence/for-sale/7850/enghien/vbe34080
Wallonie;hainaut;https://immovlan.be/en/detail/residence/for-sale/6230/thimeon/vbe33393
Wallonie;hainaut;https://immovlan.be/en/detail/villa/for-sale/6460/chimay/vbe31951
Wallonie;hainaut;https://immovlan.be/en/detail/residence/for-sale/6120/nalinnes/vbe31783
Wallonie;hainaut;https://immovlan.be/en/detail/villa/for-sale/6040/jumet/vbe11119
Wallonie;hainaut;https://immovlan.be/en/detail/villa/for-sale/6001/marcinelle/vbe33423
Wallonie;hainaut;https://immovlan.be/en/detail/villa/for-sale/6536/thuillies/vwd16872
Wallonie;hainaut;https://immovlan.be/en/detail/residence/for-sale/7750/mont-de-l-enclus/rbw16247
Wallonie;hainaut;https://immovlan.be/en/detail/residence/for-sale/7170/bellecourt/vbe32767
Wallonie;hainaut;https://immovlan.be/en/detail/residence/for-sale/7950/chievres/vbe35984
Wallonie;hainaut;https://immovlan.be/en/detail/residence/for-sale/7070/ville-sur-haine/vbe29188
Wallonie;hainaut;https://immovlan.be/en/detail/mixed-building/for-sale/7912/saint-sauveur/rbw24604
Wallonie;hainaut;https://immovlan.be/en/detail/villa/for-sale/6224/wanfercee-baulet/vbe29037
Wallonie;hainaut;https://immovlan.be/en/detail/residence/for-sale/7600/peruwelz/vbe36332
Wallonie;hainaut;https://immovlan.be/en/detail/residence/for-sale/7830/graty/vbe35048
Wallonie;hainaut;https://immovlan.be/en/detail/cottage/for-sale/7911/montroeul-au-bois/rbw20339
Wallonie;hainaut;https://immovlan.be/en/detail/residence/for-sale/7090/hennuyeres/vbe34716
Wallonie;hainaut;https://immovlan.be/en/detail/residence/for-sale/7370/wiheries/vbe35861
Wallonie;hainaut;https://immovlan.be/en/detail/villa/for-sale/6120/nalinnes/vbe34799
Wallonie;hainaut;https://immovlan.be/en/detail/residence/for-sale/6110/montigny-le-tilleul/rbw17451
Wallonie;hainaut;https://immovlan.be/en/detail/residence/for-sale/7063/neufvilles/vbe34543
Wallonie;hainaut;https://immovlan.be/en/detail/villa/for-sale/6210/les-bons-villers/vbe36192
Wallonie;hainaut;https://immovlan.be/en/detail/cottage/for-sale/7912/saint-sauveur/rbw24603
Wallonie;hainaut;https://immovlan.be/en/detail/residence/for-sale/7900/leuze-en-hainaut/vbe34542
Wallonie;hainaut;https://immovlan.be/en/detail/residence/for-sale/6534/gozee/vbe34078
Wallonie;hainaut;https://immovlan.be/en/detail/residence/for-sale/7520/templeuve/vbe34464
Wallonie;hainaut;https://immovlan.be/en/detail/residence/for-sale/7090/braine-le-comte/vbe35885
Wallonie;hainaut;https://immovlan.be/en/detail/master-house/for-sale/7890/ellezelles/vbe34076
Wallonie;hainaut;https://immovlan.be/en/detail/villa/for-sale/7080/sars-la-bruyere/vbe34509
Wallonie;hainaut;https://immovlan.be/en/detail/residence/for-sale/7830/silly/vbe35886
Wallonie;hainaut;https://immovlan.be/en/detail/mixed-building/for-sale/6032/mont-sur-marchienne/vbe33095
Wallonie;hainaut;https://immovlan.be/en/detail/residence/for-sale/7531/havinnes/vbe33233
Wallonie;hainaut;https://immovlan.be/en/detail/residence/for-sale/7334/hautrage/vbe33028
Wallonie;hainaut;https://immovlan.be/en/detail/residence/for-sale/7712/herseaux/rbw19102
Wallonie;hainaut;https://immovlan.be/en/detail/residence/for-sale/7700/luingne/vbe36099
Wallonie;hainaut;https://immovlan.be/en/detail/master-house/for-sale/7890/ellezelles/rbw24646
Wallonie;hainaut;https://immovlan.be/en/detail/residence/for-sale/7850/enghien/vbe35890
Wallonie;hainaut;https://immovlan.be/en/detail/mixed-building/for-sale/6560/erquelinnes/vbe35230
Wallonie;hainaut;https://immovlan.be/en/detail/residence/for-sale/7850/enghien/vbe35891
Wallonie;hainaut;https://immovlan.be/en/detail/villa/for-sale/7760/escanaffles/vbe33260
Wallonie;hainaut;https://immovlan.be/en/detail/residence/for-sale/7700/mouscron/vbe34253
Wallonie;hainaut;https://immovlan.be/en/detail/residence/for-sale/7060/soignies/vbe35887
Wallonie;hainaut;https://immovlan.be/en/detail/residence/for-sale/6280/gerpinnes/vbe30975
Wallonie;hainaut;https://immovlan.be/en/detail/cottage/for-sale/7910/anvaing/rbw09084
Wallonie;hainaut;https://immovlan.be/en/detail/residence/for-sale/6120/nalinnes/vbe34060
Wallonie;hainaut;https://immovlan.be/en/detail/villa/for-sale/7322/ville-pommeroeul/vbd17626
Wallonie;hainaut;https://immovlan.be/en/detail/villa/for-sale/7850/enghien/vbe33685
Wallonie;hainaut;https://immovlan.be/en/detail/ground-floor/for-sale/7500/tournai/vbe36299
Wallonie;hainaut;https://immovlan.be/en/detail/residence/for-sale/7760/escanaffles/vbe30236
Wallonie;hainaut;https://immovlan.be/en/detail/villa/for-sale/7050/masnuy-saint-jean/vbe28633
Wallonie;hainaut;https://immovlan.be/en/detail/residence/for-sale/7340/colfontaine/vbe35249
Wallonie;hainaut;https://immovlan.be/en/detail/residence/for-sale/7140/morlanwelz/vbe07484
Wallonie;hainaut;https://immovlan.be/en/detail/villa/for-sale/7340/colfontaine/vbe35250
Wallonie;hainaut;https://immovlan.be/en/detail/villa/for-sale/7750/mont-de-l-enclus/vbe26861
Wallonie;hainaut;https://immovlan.be/en/detail/residence/for-sale/7803/bouvignies/vbe31292
Wallonie;hainaut;https://immovlan.be/en/detail/residence/for-sale/7760/celles/vbe28831
Wallonie;hainaut;https://immovlan.be/en/detail/residence/for-sale/7910/frasnes-lez-anvaing/rbw02859
Wallonie;hainaut;https://immovlan.be/en/detail/residence/for-sale/7850/enghien/vbe36286
Wallonie;hainaut;https://immovlan.be/en/detail/villa/for-sale/7730/estaimpuis/vbe32147
Wallonie;hainaut;https://immovlan.be/en/detail/mixed-building/for-sale/6000/charleroi/vwd17752
Wallonie;hainaut;https://immovlan.be/en/detail/residence/for-sale/7750/amougies/rbv84312
Wallonie;hainaut;https://immovlan.be/en/detail/villa/for-sale/7743/obigies/vbe30173
Wallonie;hainaut;https://immovlan.be/en/detail/mixed-building/for-sale/6250/pont-de-loup/vbe27103
Wallonie;hainaut;https://immovlan.be/en/detail/residence/for-sale/7730/estaimpuis/vbe30662
Wallonie;hainaut;https://immovlan.be/en/detail/cottage/for-sale/7910/anvaing/rbw15992
Wallonie;hainaut;https://immovlan.be/en/detail/residence/for-sale/7100/haine-saint-pierre/vbe31831
Wallonie;hainaut;https://immovlan.be/en/detail/residence/for-sale/7850/enghien/vbe28503
Wallonie;hainaut;https://immovlan.be/en/detail/mixed-building/for-sale/6110/montigny-le-tilleul/vbe31809
Wallonie;hainaut;https://immovlan.be/en/detail/cottage/for-sale/7910/anvaing/rbw15990
Wallonie;hainaut;https://immovlan.be/en/detail/residence/for-sale/7740/pecq/rbv89544
Wallonie;liege;https://immovlan.be/en/detail/residence/for-sale/4100/seraing/vbe36019
Wallonie;liege;https://immovlan.be/en/detail/apartment/for-sale/4040/herstal/vbe36093
Wallonie;liege;https://immovlan.be/en/detail/residence/for-sale/4500/huy/vbe36287
Wallonie;liege;https://immovlan.be/en/detail/apartment/for-sale/4020/liege/vbe36042
Wallonie;liege;https://immovlan.be/en/detail/apartment/for-sale/4020/liege/vbe36382
Wallonie;liege;https://immovlan.be/en/detail/apartment/for-sale/4020/liege/vbe34618
Wallonie;liege;https://immovlan.be/en/detail/apartment/for-sale/4980/trois-ponts/vbe33941
Wallonie;liege;https://immovlan.be/en/detail/residence/for-sale/4970/stavelot/vwd16706
Wallonie;liege;https://immovlan.be/en/detail/residence/for-sale/4400/flemalle-grande/vbe30990
Wallonie;liege;https://immovlan.be/en/detail/ground-floor/for-sale/4030/grivegnee/vbe36043
Wallonie;liege;https://immovlan.be/en/detail/residence/for-sale/4020/liege/vbe36041
Wallonie;liege;https://immovlan.be/en/detail/apartment/for-sale/4300/waremme/vbe32553
Wallonie;liege;https://immovlan.be/en/detail/chalet/for-sale/4141/louveigne/vbe36294
Wallonie;liege;https://immovlan.be/en/detail/residence/for-sale/4100/seraing/vbe33728
Wallonie;liege;https://immovlan.be/en/detail/apartment/for-sale/4100/seraing/vbe36196
Wallonie;liege;https://immovlan.be/en/detail/residence/for-sale/4000/liege/vbe36381
Wallonie;liege;https://immovlan.be/en/detail/residence/for-sale/4287/racour/rbw25394
Wallonie;liege;https://immovlan.be/en/detail/residence/for-sale/4260/braives/vbe29284
Wallonie;liege;https://immovlan.be/en/detail/residence/for-sale/4430/ans/vbe31594
Wallonie;liege;https://immovlan.be/en/detail/apartment/for-sale/4300/waremme/vbe36212
Wallonie;liege;https://immovlan.be/en/detail/apartment/for-sale/4000/liege/vbe36197
Wallonie;liege;https://immovlan.be/en/detail/apartment/for-sale/4540/amay/vbe36094
Wallonie;liege;https://immovlan.be/en/detail/apartment/for-sale/4280/hannut/vbe31333
Wallonie;liege;https://immovlan.be/en/detail/residence/for-sale/4000/liege/vbe32686
Wallonie;liege;https://immovlan.be/en/detail/residence/for-sale/4671/housse/vbe36048
Wallonie;liege;https://immovlan.be/en/detail/residence/for-sale/4602/cheratte/vbe34783
Wallonie;liege;https://immovlan.be/en/detail/residence/for-sale/4040/herstal/vbe36066
Wallonie;liege;https://immovlan.be/en/detail/residence/for-sale/4460/grace-hollogne/vbe36195
Wallonie;liege;https://immovlan.be/en/detail/residence/for-sale/4870/trooz/vbe35645
Wallonie;liege;https://immovlan.be/en/detail/residence/for-sale/4630/ayeneux/vbe36052
Wallonie;liege;https://immovlan.be/en/detail/apartment/for-sale/4000/liege/vbe35519
Wallonie;liege;https://immovlan.be/en/detail/apartment/for-sale/4000/liege/vbe33173
Wallonie;liege;https://immovlan.be/en/detail/mixed-building/for-sale/4700/eupen/vbe35674
Wallonie;liege;https://immovlan.be/en/detail/apartment/for-sale/4000/liege/vbe35898
Wallonie;liege;https://immovlan.be/en/detail/loft/for-sale/4000/liege/vbe36289
Wallonie;liege;https://immovlan.be/en/detail/residence/for-sale/4960/malmedy/rbw24765
Wallonie;liege;https://immovlan.be/en/detail/residence/for-sale/4540/amay/rbw24675
Wallonie;liege;https://immovlan.be/en/detail/villa/for-sale/4550/nandrin/vbe35988
Wallonie;liege;https://immovlan.be/en/detail/residence/for-sale/4651/battice/vbe34801
Wallonie;liege;https://immovlan.be/en/detail/apartment/for-sale/4120/neupre/rbw23736
Wallonie;liege;https://immovlan.be/en/detail/residence/for-sale/4970/stavelot/vwd17844
Wallonie;liege;https://immovlan.be/en/detail/residence/for-sale/4550/nandrin/vbe35514
Wallonie;liege;https://immovlan.be/en/detail/residence/for-sale/4690/boirs/vbe34898
Wallonie;liege;https://immovlan.be/en/detail/residence/for-sale/4432/alleur/vbe35425
Wallonie;liege;https://immovlan.be/en/detail/mixed-building/for-sale/4960/malmedy/vbe35494
Wallonie;liege;https://immovlan.be/en/detail/residence/for-sale/4850/montzen/vbe35266
Wallonie;liege;https://immovlan.be/en/detail/residence/for-sale/4300/waremme/vbe35233
Wallonie;liege;https://immovlan.be/en/detail/residence/for-sale/4791/thommen/vbe35458
Wallonie;liege;https://immovlan.be/en/detail/duplex/for-sale/4550/nandrin/vbe33719
Wallonie;liege;https://immovlan.be/en/detail/residence/for-sale/4770/amel/vbe35612
Wallonie;liege;https://immovlan.be/en/detail/residence/for-sale/4900/spa/vbe35661
Wallonie;liege;https://immovlan.be/en/detail/mixed-building/for-sale/4920/aywaille/vbe35090
Wallonie;liege;https://immovlan.be/en/detail/villa/for-sale/4600/vise/vbe34803
Wallonie;liege;https://immovlan.be/en/detail/ground-floor/for-sale/4130/tilff/vbe33627
Wallonie;liege;https://immovlan.be/en/detail/villa/for-sale/4360/oreye/vwd17854
Wallonie;liege;https://immovlan.be/en/detail/villa/for-sale/4367/crisnee/vbe31779
Wallonie;liege;https://immovlan.be/en/detail/villa/for-sale/4608/warsage/vbe34319
Wallonie;liege;https://immovlan.be/en/detail/residence/for-sale/4557/tinlot/rbw12543
Wallonie;liege;https://immovlan.be/en/detail/residence/for-sale/4032/chenee/vbe33754
Wallonie;liege;https://immovlan.be/en/detail/residence/for-sale/4701/eupen/vbe31583
Wallonie;liege;https://immovlan.be/en/detail/master-house/for-sale/4500/huy/vbe35223
Wallonie;liege;https://immovlan.be/en/detail/villa/for-sale/4432/xhendremael/vbe35998
Wallonie;liege;https://immovlan.be/en/detail/villa/for-sale/4053/embourg/vbe32248
Wallonie;liege;https://immovlan.be/en/detail/villa/for-sale/4710/lontzen/vwd17711
Wallonie;liege;https://immovlan.be/en/detail/residence/for-sale/4050/chaudfontaine/vbe33756
Wallonie;liege;https://immovlan.be/en/detail/residence/for-sale/4877/olne/vbe34797
Wallonie;liege;https://immovlan.be/en/detail/residence/for-sale/4610/bellaire/vbe33203
Wallonie;liege;https://immovlan.be/en/detail/residence/for-sale/4820/dison/vbe33195
Wallonie;liege;https://immovlan.be/en/detail/apartment/for-sale/4140/sprimont/vbe35732
Wallonie;liege;https://immovlan.be/en/detail/residence/for-sale/4608/warsage/vbe33451
Wallonie;liege;https://immovlan.be/en/detail/master-house/for-sale/4000/liege/vbe35711
Wallonie;liege;https://immovlan.be/en/detail/villa/for-sale/4920/aywaille/vbe34897
Wallonie;liege;https://immovlan.be/en/detail/residence/for-sale/4633/melen/vbe33194
Wallonie;liege;https://immovlan.be/en/detail/villa/for-sale/4671/saive/vbe33735
Wallonie;liege;https://immovlan.be/en/detail/villa/for-sale/4052/beaufays/vbe25313
Wallonie;liege;https://immovlan.be/en/detail/master-house/for-sale/4000/liege/vbe20592
Wallonie;liege;https://immovlan.be/en/detail/villa/for-sale/4050/chaudfontaine/vbe34739
Wallonie;liege;https://immovlan.be/en/detail/villa/for-sale/4920/aywaille/vbe32768
Wallonie;liege;https://immovlan.be/en/detail/residence/for-sale/4790/burg/vbe34747
Wallonie;liege;https://immovlan.be/en/detail/residence/for-sale/4432/alleur/vbe30780
Wallonie;liege;https://immovlan.be/en/detail/cottage/for-sale/4600/vise/vbe32367
Wallonie;liege;https://immovlan.be/en/detail/residence/for-sale/4960/bellevaux-ligneuville/vbe35714
Wallonie;liege;https://immovlan.be/en/detail/villa/for-sale/4400/flemalle/vbe28678
Wallonie;liege;https://immovlan.be/en/detail/penthouse/for-sale/4000/liege/vwd17582
Wallonie;liege;https://immovlan.be/en/detail/master-house/for-sale/4480/clermont/vbe24032
Wallonie;liege;https://immovlan.be/en/detail/residence/for-sale/4560/ocquier/vbe07064
Wallonie;liege;https://immovlan.be/en/detail/residence/for-sale/4671/saive/vbe23506
Wallonie;liege;https://immovlan.be/en/detail/residence/for-sale/4000/glain/vbe22104
Wallonie;liege;https://immovlan.be/en/detail/residence/for-sale/4910/theux/vbe33631
Wallonie;liege;https://immovlan.be/en/detail/residence/for-sale/4710/lontzen/vbe29080
Wallonie;liege;https://immovlan.be/en/detail/mixed-building/for-sale/4960/malmedy/vbe10378
Wallonie;liege;https://immovlan.be/en/detail/villa/for-sale/4870/trooz/vbe27970
Wallonie;liege;https://immovlan.be/en/detail/residence/for-sale/4460/grace-hollogne/vbe24796
Wallonie;liege;https://immovlan.be/en/detail/mansion/for-sale/4711/walhorn/vbe14270
Wallonie;liege;https://immovlan.be/en/detail/villa/for-sale/4970/stavelot/vbe26382
Wallonie;liege;https://immovlan.be/en/detail/residence/for-sale/4950/waimes/vbe29632
Wallonie;liege;https://immovlan.be/en/detail/mansion/for-sale/4730/raeren/vbe21983
Wallonie;liege;https://immovlan.be/en/detail/residence/for-sale/4960/malmedy/rbv78133
Wallonie;liege;https://immovlan.be/en/detail/villa/for-sale/4710/lontzen/vbe27366
Wallonie;liege;https://immovlan.be/en/detail/residence/for-sale/4607/dalhem/vbe29864
Wallonie;liege;https://immovlan.be/en/detail/residence/for-sale/4760/bullingen/vbe35769
Wallonie;liege;https://immovlan.be/en/detail/residence/for-sale/4140/sprimont/vbe18983
Wallonie;liege;https://immovlan.be/en/detail/residence/for-sale/4877/olne/vbe32368
Wallonie;liege;https://immovlan.be/en/detail/mansion/for-sale/4254/ligney/vbe17632
Wallonie;liege;https://immovlan.be/en/detail/residence/for-sale/4851/gemmenich/vbe20715
Wallonie;liege;https://immovlan.be/en/detail/residence/for-sale/4520/huccorgne/vbe19064
Wallonie;liege;https://immovlan.be/en/detail/residence/for-sale/4880/aubel/vbe27364
Wallonie;liege;https://immovlan.be/en/detail/residence/for-sale/4700/eupen/vbe14067
Wallonie;liege;https://immovlan.be/en/detail/residence/for-sale/4910/theux/vbe14574
Wallonie;liege;https://immovlan.be/en/detail/residence/for-sale/4728/hergenrath/vbe19126
Wallonie;liege;https://immovlan.be/en/detail/residence/for-sale/4520/wanze/vbe16870
Wallonie;liege;https://immovlan.be/en/detail/residence/for-sale/4850/moresnet/vbe21235
Wallonie;liege;https://immovlan.be/en/detail/mansion/for-sale/4711/walhorn/vbe31080
Wallonie;luxembourg;https://immovlan.be/en/detail/residence/for-sale/6640/vaux-sur-sure/vbe35005
Wallonie;luxembourg;https://immovlan.be/en/detail/apartment/for-sale/6800/libramont-chevigny/vbe34537
Wallonie;luxembourg;https://immovlan.be/en/detail/apartment/for-sale/6830/bouillon/vwd17815
Wallonie;luxembourg;https://immovlan.be/en/detail/apartment/for-sale/6880/bertrix/vbe31926
Wallonie;luxembourg;https://immovlan.be/en/detail/apartment/for-sale/6600/bastogne/vbe33363
Wallonie;luxembourg;https://immovlan.be/en/detail/apartment/for-sale/6800/libramont-chevigny/vbe32693
Wallonie;luxembourg;https://immovlan.be/en/detail/residence/for-sale/6900/marche-en-famenne/vbe34478
Wallonie;luxembourg;https://immovlan.be/en/detail/ground-floor/for-sale/6700/arlon/vwd17813
Wallonie;luxembourg;https://immovlan.be/en/detail/apartment/for-sale/6760/virton/vbe32408
Wallonie;luxembourg;https://immovlan.be/en/detail/apartment/for-sale/6880/bertrix/vbe35006
Wallonie;luxembourg;https://immovlan.be/en/detail/residence/for-sale/6927/resteigne/vbe35935
Wallonie;luxembourg;https://immovlan.be/en/detail/residence/for-sale/6920/wellin/vbe32496
Wallonie;luxembourg;https://immovlan.be/en/detail/chalet/for-sale/6940/durbuy/vbe33054
Wallonie;luxembourg;https://immovlan.be/en/detail/chalet/for-sale/6987/beffe/vbe36020
Wallonie;luxembourg;https://immovlan.be/en/detail/residence/for-sale/6680/sainte-ode/vbe34470
Wallonie;luxembourg;https://immovlan.be/en/detail/residence/for-sale/6630/martelange/vbe33213
Wallonie;luxembourg;https://immovlan.be/en/detail/apartment/for-sale/6700/arlon/vbe34496
Wallonie;luxembourg;https://immovlan.be/en/detail/apartment/for-sale/6640/vaux-sur-sure/vbe32509
Wallonie;luxembourg;https://immovlan.be/en/detail/residence/for-sale/6767/dampicourt/vbe34738
Wallonie;luxembourg;https://immovlan.be/en/detail/apartment/for-sale/6762/saint-mard/vbe32409
Wallonie;luxembourg;https://immovlan.be/en/detail/residence/for-sale/6600/bastogne/vbe34985
Wallonie;luxembourg;https://immovlan.be/en/detail/residence/for-sale/6920/wellin/vbe36186
Wallonie;luxembourg;https://immovlan.be/en/detail/apartment/for-sale/6790/aubange/vbe35638
Wallonie;luxembourg;https://immovlan.be/en/detail/apartment/for-sale/6900/marche-en-famenne/vbe34862
Wallonie;luxembourg;https://immovlan.be/en/detail/residence/for-sale/6929/daverdisse/vbe34538
Wallonie;luxembourg;https://immovlan.be/en/detail/apartment/for-sale/6880/bertrix/vbe34863
Wallonie;luxembourg;https://immovlan.be/en/detail/residence/for-sale/6850/paliseul/vbe30118
Wallonie;luxembourg;https://immovlan.be/en/detail/residence/for-sale/6660/houffalize/vbe35003
Wallonie;luxembourg;https://immovlan.be/en/detail/residence/for-sale/6673/cherain/vbe35940
Wallonie;luxembourg;https://immovlan.be/en/detail/apartment/for-sale/6740/etalle/vbe35209
Wallonie;luxembourg;https://immovlan.be/en/detail/apartment/for-sale/6941/durbuy/vbe35099
Wallonie;luxembourg;https://immovlan.be/en/detail/apartment/for-sale/6880/bertrix/vbe36325
Wallonie;luxembourg;https://immovlan.be/en/detail/residence/for-sale/6953/masbourg/vbe36210
Wallonie;luxembourg;https://immovlan.be/en/detail/residence/for-sale/6950/nassogne/vbe34956
Wallonie;luxembourg;https://immovlan.be/en/detail/residence/for-sale/6900/marche-en-famenne/vbe36345
Wallonie;luxembourg;https://immovlan.be/en/detail/residence/for-sale/6950/nassogne/vbe35703
Wallonie;luxembourg;https://immovlan.be/en/detail/residence/for-sale/6940/durbuy/vbe35731
Wallonie;luxembourg;https://immovlan.be/en/detail/residence/for-sale/6951/bande/vbe35704
Wallonie;luxembourg;https://immovlan.be/en/detail/chalet/for-sale/6940/barvaux-sur-ourthe/vbe34914
Wallonie;luxembourg;https://immovlan.be/en/detail/residence/for-sale/6680/sainte-ode/rbw19599
Wallonie;luxembourg;https://immovlan.be/en/detail/residence/for-sale/6880/bertrix/vbe30727
Wallonie;luxembourg;https://immovlan.be/en/detail/residence/for-sale/6940/durbuy/vbe35551
Wallonie;luxembourg;https://immovlan.be/en/detail/residence/for-sale/6840/neufchateau/vbe31256
Wallonie;luxembourg;https://immovlan.be/en/detail/residence/for-sale/6662/tavigny/vbe35969
Wallonie;luxembourg;https://immovlan.be/en/detail/apartment/for-sale/6740/etalle/vbe35208
Wallonie;luxembourg;https://immovlan.be/en/detail/residence/for-sale/6850/paliseul/vbe35290
Wallonie;luxembourg;https://immovlan.be/en/detail/residence/for-sale/6730/tintigny/vbe35858
Wallonie;luxembourg;https://immovlan.be/en/detail/villa/for-sale/6660/houffalize/vbe15845
Wallonie;luxembourg;https://immovlan.be/en/detail/residence/for-sale/6900/marche-en-famenne/vbe34416
Wallonie;luxembourg;https://immovlan.be/en/detail/residence/for-sale/6681/lavacherie/vbe31695
Wallonie;luxembourg;https://immovlan.be/en/detail/residence/for-sale/6640/vaux-sur-sure/vbe35182
Wallonie;luxembourg;https://immovlan.be/en/detail/residence/for-sale/6790/aubange/vbe32561
Wallonie;luxembourg;https://immovlan.be/en/detail/residence/for-sale/6800/recogne/rwc42759
Wallonie;luxembourg;https://immovlan.be/en/detail/residence/for-sale/6940/grandhan/vbe31643
Wallonie;luxembourg;https://immovlan.be/en/detail/villa/for-sale/6950/nassogne/vbe19277
Wallonie;luxembourg;https://immovlan.be/en/detail/residence/for-sale/6747/saint-leger/vbe33063
Wallonie;luxembourg;https://immovlan.be/en/detail/villa/for-sale/6663/mabompre/vbe26840
Wallonie;luxembourg;https://immovlan.be/en/detail/apartment/for-sale/6700/arlon/vbd67484
Wallonie;luxembourg;https://immovlan.be/en/detail/residence/for-sale/6840/neufchateau/vbe33431
Wallonie;luxembourg;https://immovlan.be/en/detail/residence/for-sale/6940/durbuy/vbe33472
Wallonie;luxembourg;https://immovlan.be/en/detail/residence/for-sale/6987/rendeux/vbe33244
Wallonie;luxembourg;https://immovlan.be/en/detail/residence/for-sale/6951/bande/vbe15840
Wallonie;luxembourg;https://immovlan.be/en/detail/residence/for-sale/6747/saint-leger/vbe29756
Wallonie;luxembourg;https://immovlan.be/en/detail/chalet/for-sale/6940/durbuy/vbe31379
Wallonie;luxembourg;https://immovlan.be/en/detail/residence/for-sale/6670/gouvy/vbe31247
Wallonie;luxembourg;https://immovlan.be/en/detail/villa/for-sale/6900/marche-en-famenne/vbe35166
Wallonie;luxembourg;https://immovlan.be/en/detail/residence/for-sale/6940/durbuy/vbe34216
Wallonie;luxembourg;https://immovlan.be/en/detail/residence/for-sale/6940/durbuy/vbe32616
Wallonie;luxembourg;https://immovlan.be/en/detail/residence/for-sale/6700/arlon/vbe32681
Wallonie;luxembourg;https://immovlan.be/en/detail/residence/for-sale/6730/tintigny/vbe32407
Wallonie;luxembourg;https://immovlan.be/en/detail/residence/for-sale/6670/gouvy/vbe32361
Wallonie;luxembourg;https://immovlan.be/en/detail/residence/for-sale/6717/attert/vbe32108
Wallonie;luxembourg;https://immovlan.be/en/detail/master-house/for-sale/6760/virton/rbw18222
Wallonie;luxembourg;https://immovlan.be/en/detail/residence/for-sale/6690/vielsalm/vbe31272
Wallonie;luxembourg;https://immovlan.be/en/detail/residence/for-sale/6920/wellin/vbe33628
Wallonie;luxembourg;https://immovlan.be/en/detail/residence/for-sale/6780/messancy/vbe31413
Wallonie;luxembourg;https://immovlan.be/en/detail/residence/for-sale/6810/chiny/vbe32213
Wallonie;luxembourg;https://immovlan.be/en/detail/residence/for-sale/6690/vielsalm/vbe33731
Wallonie;luxembourg;https://immovlan.be/en/detail/residence/for-sale/6700/arlon/vbe34986
Wallonie;luxembourg;https://immovlan.be/en/detail/residence/for-sale/6700/arlon/vbe34091
Wallonie;luxembourg;https://immovlan.be/en/detail/residence/for-sale/6820/florenville/vbe35019
Wallonie;luxembourg;https://immovlan.be/en/detail/residence/for-sale/6700/arlon/vbd32756
Wallonie;luxembourg;https://immovlan.be/en/detail/residence/for-sale/6769/meix-devant-virton/vbe20499
Wallonie;luxembourg;https://immovlan.be/en/detail/residence/for-sale/6940/durbuy/vbe24846
Wallonie;luxembourg;https://immovlan.be/en/detail/residence/for-sale/6640/vaux-sur-sure/vbe20501
Wallonie;luxembourg;https://immovlan.be/en/detail/residence/for-sale/6747/chatillon/vbe31346
Wallonie;luxembourg;https://immovlan.be/en/detail/residence/for-sale/6940/durbuy/vbc85519
Wallonie;luxembourg;https://immovlan.be/en/detail/residence/for-sale/6661/mont/vbe34571
Wallonie;luxembourg;https://immovlan.be/en/detail/residence/for-sale/6750/musson/vbe33542
Wallonie;luxembourg;https://immovlan.be/en/detail/residence/for-sale/6700/arlon/vbe27127
Wallonie;luxembourg;https://immovlan.be/en/detail/residence/for-sale/6830/bouillon/vbe25685
Wallonie;luxembourg;https://immovlan.be/en/detail/residence/for-sale/6900/waha/vbe35717
Wallonie;luxembourg;https://immovlan.be/en/detail/residence/for-sale/6700/arlon/vbe23159
Wallonie;luxembourg;https://immovlan.be/en/detail/residence/for-sale/6670/gouvy/vbe35002
Wallonie;luxembourg;https://immovlan.be/en/detail/residence/for-sale/6890/libin/vbe32792
Wallonie;luxembourg;https://immovlan.be/en/detail/residence/for-sale/6997/erezee/vbe05609
Wallonie;luxembourg;https://immovlan.be/en/detail/mixed-building/for-sale/6852/maissin/vwd15736
Wallonie;luxembourg;https://immovlan.be/en/detail/residence/for-sale/6640/hompre/vbe31244
Wallonie;luxembourg;https://immovlan.be/en/detail/residence/for-sale/6960/manhay/vbe19604
Wallonie;luxembourg;https://immovlan.be/en/detail/mixed-building/for-sale/6830/bouillon/vbe23170
Wallonie;luxembourg;https://immovlan.be/en/detail/residence/for-sale/6940/durbuy/vbe02821
Wallonie;luxembourg;https://immovlan.be/en/detail/residence/for-sale/6830/bouillon/vbe00446
Wallonie;luxembourg;https://immovlan.be/en/detail/residence/for-sale/6661/mont/vbd12526
Wallonie;luxembourg;https://immovlan.be/en/detail/residence/for-sale/6940/septon/vbe32183
Wallonie;luxembourg;https://immovlan.be/en/detail/villa/for-sale/6870/saint-hubert/vbc93063
Wallonie;luxembourg;https://immovlan.be/en/detail/residence/for-sale/6941/heyd/vbe14250
Wallonie;luxembourg;https://immovlan.be/en/detail/residence/for-sale/6900/marche-en-famenne/vbd16284
Wallonie;luxembourg;https://immovlan.be/en/detail/penthouse/for-sale/6940/durbuy/vba30385
Wallonie;luxembourg;https://immovlan.be/en/detail/residence/for-sale/6680/sainte-ode/rbv31030
Wallonie;luxembourg;https://immovlan.be/en/detail/residence/for-sale/6890/libin/vbd22679
Wallonie;luxembourg;https://immovlan.be/en/detail/residence/for-sale/6890/libin/vbe34305
Wallonie;luxembourg;https://immovlan.be/en/detail/mixed-building/for-sale/6600/bastogne/vbd76628
Wallonie;luxembourg;https://immovlan.be/en/detail/residence/for-sale/6940/durbuy/vbd16513
Wallonie;luxembourg;https://immovlan.be/en/detail/residence/for-sale/6747/chatillon/vwd16930
Wallonie;luxembourg;https://immovlan.be/en/detail/residence/for-sale/6997/soy/vbd96919
Wallonie;luxembourg;https://immovlan.be/en/detail/residence/for-sale/6900/waha/vbe35497
Wallonie;namur;https://immovlan.be/en/detail/residence/for-sale/5630/cerfontaine/vbe35978
Wallonie;namur;https://immovlan.be/en/detail/residence/for-sale/5660/couvin/vbe36387
Wallonie;namur;https://immovlan.be/en/detail/residence/for-sale/5540/hastiere-lavaux/rbs92261
Wallonie;namur;https://immovlan.be/en/detail/chalet/for-sale/5542/blaimont/rbw25168
Wallonie;namur;https://immovlan.be/en/detail/chalet/for-sale/5660/petigny/vbe36290
Wallonie;namur;https://immovlan.be/en/detail/chalet/for-sale/5541/hastiere-par-dela/vbe31516
Wallonie;namur;https://immovlan.be/en/detail/residence/for-sale/5660/couvin/vbe35973
Wallonie;namur;https://immovlan.be/en/detail/residence/for-sale/5580/rochefort/vbe35930
Wallonie;namur;https://immovlan.be/en/detail/residence/for-sale/5660/cul-des-sarts/vbe35623
Wallonie;namur;https://immovlan.be/en/detail/residence/for-sale/5300/andenne/vbe35720
Wallonie;namur;https://immovlan.be/en/detail/residence/for-sale/5530/yvoir/vbe36300
Wallonie;namur;https://immovlan.be/en/detail/residence/for-sale/5660/petigny/vbe36134
Wallonie;namur;https://immovlan.be/en/detail/chalet/for-sale/5630/cerfontaine/rbw24555
Wallonie;namur;https://immovlan.be/en/detail/studio/for-sale/5000/namur/vwd17852
Wallonie;namur;https://immovlan.be/en/detail/residence/for-sale/5660/bruly/vbe35716
Wallonie;namur;https://immovlan.be/en/detail/chalet/for-sale/5540/hastiere-lavaux/vbe36023
Wallonie;namur;https://immovlan.be/en/detail/residence/for-sale/5060/auvelais/vbe31589
Wallonie;namur;https://immovlan.be/en/detail/residence/for-sale/5640/mettet/vbe35132
Wallonie;namur;https://immovlan.be/en/detail/apartment/for-sale/5150/franiere/vbe34383
Wallonie;namur;https://immovlan.be/en/detail/apartment/for-sale/5020/temploux/vbe36252
Wallonie;namur;https://immovlan.be/en/detail/apartment/for-sale/5150/franiere/vbe34384
Wallonie;namur;https://immovlan.be/en/detail/duplex/for-sale/5000/namur/vbe35115
Wallonie;namur;https://immovlan.be/en/detail/apartment/for-sale/5020/temploux/vbe36251
Wallonie;namur;https://immovlan.be/en/detail/residence/for-sale/5660/aublain/vbe31200
Wallonie;namur;https://immovlan.be/en/detail/residence/for-sale/5555/bievre/vbe36321
Wallonie;namur;https://immovlan.be/en/detail/residence/for-sale/5101/lives-sur-meuse/vbe29829
Wallonie;namur;https://immovlan.be/en/detail/residence/for-sale/5550/orchimont/vbe31925
Wallonie;namur;https://immovlan.be/en/detail/residence/for-sale/5060/moignelee/vbe35133
Wallonie;namur;https://immovlan.be/en/detail/residence/for-sale/5651/laneffe/vbe33280
Wallonie;namur;https://immovlan.be/en/detail/chalet/for-sale/5660/bruly-de-pesche/vwd17825
Wallonie;namur;https://immovlan.be/en/detail/residence/for-sale/5170/bois-de-villers/vbe34912
Wallonie;namur;https://immovlan.be/en/detail/residence/for-sale/5360/hamois/vbe36190
Wallonie;namur;https://immovlan.be/en/detail/residence/for-sale/5544/agimont/vbe35787
Wallonie;namur;https://immovlan.be/en/detail/residence/for-sale/5030/gembloux/vbe36242
Wallonie;namur;https://immovlan.be/en/detail/residence/for-sale/5580/wavreille/vbe35923
Wallonie;namur;https://immovlan.be/en/detail/residence/for-sale/5350/ohey/vbe34752
Wallonie;namur;https://immovlan.be/en/detail/residence/for-sale/5660/couvin/vbe31199
Wallonie;namur;https://immovlan.be/en/detail/apartment/for-sale/5070/fosses-la-ville/vbe35997
Wallonie;namur;https://immovlan.be/en/detail/residence/for-sale/5020/malonne/vbe33810
Wallonie;namur;https://immovlan.be/en/detail/residence/for-sale/5300/andenne/vbe35093
Wallonie;namur;https://immovlan.be/en/detail/residence/for-sale/5660/aublain/vbe31203
Wallonie;namur;https://immovlan.be/en/detail/apartment/for-sale/5020/temploux/vbe36253
Wallonie;namur;https://immovlan.be/en/detail/residence/for-sale/5300/vezin/vbe35922
Wallonie;namur;https://immovlan.be/en/detail/residence/for-sale/5363/emptinne/vbe35178
Wallonie;namur;https://immovlan.be/en/detail/villa/for-sale/5651/gourdinne/vbe34798
Wallonie;namur;https://immovlan.be/en/detail/residence/for-sale/5100/jambes/vbe34749
Wallonie;namur;https://immovlan.be/en/detail/residence/for-sale/5590/ciney/vbe34475
Wallonie;namur;https://immovlan.be/en/detail/residence/for-sale/5081/saint-denis/vwd17820
Wallonie;namur;https://immovlan.be/en/detail/residence/for-sale/5380/fernelmont/vbe34301
Wallonie;namur;https://immovlan.be/en/detail/residence/for-sale/5060/arsimont/vbe33274
Wallonie;namur;https://immovlan.be/en/detail/residence/for-sale/5310/leuze/rwc42803
Wallonie;namur;https://immovlan.be/en/detail/villa/for-sale/5330/assesse/vbe34931
Wallonie;namur;https://immovlan.be/en/detail/mixed-building/for-sale/5000/namur/vbe35321
Wallonie;namur;https://immovlan.be/en/detail/mixed-building/for-sale/5680/doische/vbe30372
Wallonie;namur;https://immovlan.be/en/detail/apartment/for-sale/5310/eghezee/vbe36216
Wallonie;namur;https://immovlan.be/en/detail/villa/for-sale/5310/leuze/rwc42805
Wallonie;namur;https://immovlan.be/en/detail/villa/for-sale/5004/bouge/vbe35975
Wallonie;namur;https://immovlan.be/en/detail/residence/for-sale/5310/leuze/rwc42804
Wallonie;namur;https://immovlan.be/en/detail/residence/for-sale/5500/dinant/vbe35227
Wallonie;namur;https://immovlan.be/en/detail/residence/for-sale/5020/malonne/vbe35297
Wallonie;namur;https://immovlan.be/en/detail/residence/for-sale/5575/gedinne/vbe35177
Wallonie;namur;https://immovlan.be/en/detail/residence/for-sale/5640/mettet/vbe29912
Wallonie;namur;https://immovlan.be/en/detail/residence/for-sale/5170/profondeville/vbe34259
Wallonie;namur;https://immovlan.be/en/detail/residence/for-sale/5020/malonne/vbe36011
Wallonie;namur;https://immovlan.be/en/detail/residence/for-sale/5170/profondeville/vbe34258
Wallonie;namur;https://immovlan.be/en/detail/villa/for-sale/5100/jambes/vbe14848
Wallonie;namur;https://immovlan.be/en/detail/residence/for-sale/5030/gembloux/vbe30820
Wallonie;namur;https://immovlan.be/en/detail/villa/for-sale/5100/wepion/vbe31430
Wallonie;namur;https://immovlan.be/en/detail/residence/for-sale/5560/houyet/vbd97923
Wallonie;namur;https://immovlan.be/en/detail/residence/for-sale/5140/boignee/vwd17849
Wallonie;namur;https://immovlan.be/en/detail/residence/for-sale/5020/malonne/vbe31544
Wallonie;namur;https://immovlan.be/en/detail/villa/for-sale/5310/eghezee/vbe33441
Wallonie;namur;https://immovlan.be/en/detail/residence/for-sale/5530/yvoir/rbw18518
Wallonie;namur;https://immovlan.be/en/detail/residence/for-sale/5100/wepion/vbe31896
Wallonie;namur;https://immovlan.be/en/detail/residence/for-sale/5360/natoye/vbd78394
Wallonie;namur;https://immovlan.be/en/detail/residence/for-sale/5170/bois-de-villers/vbe31048
Wallonie;namur;https://immovlan.be/en/detail/villa/for-sale/5081/bovesse/vbe28535
Wallonie;namur;https://immovlan.be/en/detail/villa/for-sale/5363/emptinne/vbe33428
Wallonie;namur;https://immovlan.be/en/detail/residence/for-sale/5310/eghezee/rbw24576
Wallonie;namur;https://immovlan.be/en/detail/residence/for-sale/5170/lustin/vbe19006
Wallonie;namur;https://immovlan.be/en/detail/residence/for-sale/5000/namur/vbe34501
Wallonie;namur;https://immovlan.be/en/detail/residence/for-sale/5660/couvin/vbe24230
Wallonie;namur;https://immovlan.be/en/detail/residence/for-sale/5530/yvoir/vbd94611
Wallonie;namur;https://immovlan.be/en/detail/residence/for-sale/5000/namur/vbc41845
Wallonie;namur;https://immovlan.be/en/detail/residence/for-sale/5330/assesse/vbe25805
Wallonie;namur;https://immovlan.be/en/detail/residence/for-sale/5575/patignies/vbe33620
Wallonie;namur;https://immovlan.be/en/detail/residence/for-sale/5580/rochefort/vbe22317
Wallonie;namur;https://immovlan.be/en/detail/villa/for-sale/5031/grand-leez/vbe23479
Wallonie;namur;https://immovlan.be/en/detail/residence/for-sale/5530/yvoir/vbe34468
Wallonie;namur;https://immovlan.be/en/detail/villa/for-sale/5170/bois-de-villers/vwd17842
Wallonie;namur;https://immovlan.be/en/detail/residence/for-sale/5537/anhee/vbe36265
Wallonie;namur;https://immovlan.be/en/detail/residence/for-sale/5332/crupet/vbe19709
Wallonie;namur;https://immovlan.be/en/detail/residence/for-sale/5640/graux/rbv69536
Wallonie;namur;https://immovlan.be/en/detail/residence/for-sale/5020/temploux/vbe24285
Wallonie;namur;https://immovlan.be/en/detail/residence/for-sale/5100/jambes/vbe24194
Wallonie;namur;https://immovlan.be/en/detail/residence/for-sale/5060/tamines/vbe29530
Wallonie;namur;https://immovlan.be/en/detail/residence/for-sale/5150/floreffe/vbe26879
Wallonie;namur;https://immovlan.be/en/detail/residence/for-sale/5590/ciney/vbe28936
Wallonie;namur;https://immovlan.be/en/detail/residence/for-sale/5640/mettet/vbe28062
Wallonie;namur;https://immovlan.be/en/detail/residence/for-sale/5575/vencimont/vbd80989
Wallonie;namur;https://immovlan.be/en/detail/residence/for-sale/5570/beauraing/vbe28828
Wallonie;namur;https://immovlan.be/en/detail/residence/for-sale/5100/wierde/vbe03755
Wallonie;namur;https://immovlan.be/en/detail/residence/for-sale/5550/vresse-sur-semois/vbe18462
Wallonie;namur;https://immovlan.be/en/detail/residence/for-sale/5640/mettet/vbc98747
Wallonie;namur;https://immovlan.be/en/detail/residence/for-sale/5000/namur/vbd03448
Wallonie;namur;https://immovlan.be/en/detail/residence/for-sale/5000/namur/vbd84007
Wallonie;namur;https://immovlan.be/en/detail/mixed-building/for-sale/5500/dinant/vbe31835
Wallonie;namur;https://immovlan.be/en/detail/mixed-building/for-sale/5000/namur/vbe27082
Wallonie;namur;https://immovlan.be/en/detail/residence/for-sale/5310/eghezee/vbe00565
Wallonie;namur;https://immovlan.be/en/detail/mansion/for-sale/5080/rhisnes/vbd50636
Wallonie;namur;https://immovlan.be/en/detail/villa/for-sale/5590/ciney/vbe00188
Wallonie;namur;https://immovlan.be/en/detail/residence/for-sale/5000/namur/vbe24887
Wallonie;namur;https://immovlan.be/en/detail/residence/for-sale/5190/spy/vbe32759
Wallonie;namur;https://immovlan.be/en/detail/residence/for-sale/5555/bievre/vwd17719
Wallonie;namur;https://immovlan.be/en/detail/residence/for-sale/5600/roly/vbd07656
Wallonie;namur;https://immovlan.be/en/detail/mixed-building/for-sale/5600/philippeville/vbd51455
Wallonie;namur;https://immovlan.be/en/detail/residence/for-sale/5550/vresse-sur-semois/vbe19282
Wallonie;namur;https://immovlan.be/en/detail/residence/for-sale/5310/eghezee/vbe15582
Wallonie;brabant-wallon;https://immovlan.be/en/detail/apartment/for-sale/1300/wavre/vbe33266
Wallonie;brabant-wallon;https://immovlan.be/en/detail/residence/for-sale/1370/jodoigne/vbe31793
Wallonie;brabant-wallon;https://immovlan.be/en/detail/apartment/for-sale/1400/nivelles/vbe02373
Wallonie;brabant-wallon;https://immovlan.be/en/detail/studio/for-sale/1300/wavre/vbe35962
Wallonie;brabant-wallon;https://immovlan.be/en/detail/apartment/for-sale/1480/tubize/vbe30605
Wallonie;brabant-wallon;https://immovlan.be/en/detail/studio/for-sale/1480/tubize/vbe32821
Wallonie;brabant-wallon;https://immovlan.be/en/detail/residence/for-sale/1420/braine-l-alleud/vbe34202
Wallonie;brabant-wallon;https://immovlan.be/en/detail/residence/for-sale/1430/rebecq/vbe35722
Wallonie;brabant-wallon;https://immovlan.be/en/detail/villa/for-sale/1350/jauche/vbe10690
Wallonie;brabant-wallon;https://immovlan.be/en/detail/apartment/for-sale/1400/nivelles/vbe34481
Wallonie;brabant-wallon;https://immovlan.be/en/detail/residence/for-sale/1480/tubize/vbe32706
Wallonie;brabant-wallon;https://immovlan.be/en/detail/residence/for-sale/1367/ramillies/vbe35883
Wallonie;brabant-wallon;https://immovlan.be/en/detail/residence/for-sale/1350/orp-le-grand/rbw10938
Wallonie;brabant-wallon;https://immovlan.be/en/detail/apartment/for-sale/1300/wavre/vbe33267
Wallonie;brabant-wallon;https://immovlan.be/en/detail/residence/for-sale/1480/tubize/vbe35057
Wallonie;brabant-wallon;https://immovlan.be/en/detail/residence/for-sale/1350/orp-jauche/vbe35880
Wallonie;brabant-wallon;https://immovlan.be/en/detail/studio/for-sale/1300/wavre/vbe20194
Wallonie;brabant-wallon;https://immovlan.be/en/detail/apartment/for-sale/1400/nivelles/vbd61906
Wallonie;brabant-wallon;https://immovlan.be/en/detail/apartment/for-sale/1370/jodoigne/vbe34005
Wallonie;brabant-wallon;https://immovlan.be/en/detail/apartment/for-sale/1435/mont-saint-guibert/vbe33799
Wallonie;brabant-wallon;https://immovlan.be/en/detail/residence/for-sale/1350/folx-les-caves/vbe36270
Wallonie;brabant-wallon;https://immovlan.be/en/detail/apartment/for-sale/1400/nivelles/vbe33697
Wallonie;brabant-wallon;https://immovlan.be/en/detail/studio/for-sale/1348/louvain-la-neuve/vbe33240
Wallonie;brabant-wallon;https://immovlan.be/en/detail/apartment/for-sale/1490/court-saint-etienne/vbe33800
Wallonie;brabant-wallon;https://immovlan.be/en/detail/apartment/for-sale/1400/nivelles/vbe33495
Wallonie;brabant-wallon;https://immovlan.be/en/detail/residence/for-sale/1400/nivelles/vbd93621
Wallonie;brabant-wallon;https://immovlan.be/en/detail/cottage/for-sale/1367/ramillies/vbe33529
Wallonie;brabant-wallon;https://immovlan.be/en/detail/ground-floor/for-sale/1400/nivelles/vbe33648
Wallonie;brabant-wallon;https://immovlan.be/en/detail/apartment/for-sale/1480/tubize/vbe33037
Wallonie;brabant-wallon;https://immovlan.be/en/detail/apartment/for-sale/1360/perwez/vbe33806
Wallonie;brabant-wallon;https://immovlan.be/en/detail/apartment/for-sale/1348/louvain-la-neuve/rbw19087
Wallonie;brabant-wallon;https://immovlan.be/en/detail/residence/for-sale/1480/tubize/vbe35881
Wallonie;brabant-wallon;https://immovlan.be/en/detail/apartment/for-sale/1480/tubize/vbe36284
Wallonie;brabant-wallon;https://immovlan.be/en/detail/residence/for-sale/1367/ramillies/vbe35882
Wallonie;brabant-wallon;https://immovlan.be/en/detail/apartment/for-sale/1490/court-saint-etienne/vbe35730
Wallonie;brabant-wallon;https://immovlan.be/en/detail/residence/for-sale/1457/tourinnes-saint-lambert/vbe36175
Wallonie;brabant-wallon;https://immovlan.be/en/detail/residence/for-sale/1300/wavre/vbe35336
Wallonie;brabant-wallon;https://immovlan.be/en/detail/residence/for-sale/1460/ittre/vbe35170
Wallonie;brabant-wallon;https://immovlan.be/en/detail/residence/for-sale/1490/court-saint-etienne/vbe36239
Wallonie;brabant-wallon;https://immovlan.be/en/detail/residence/for-sale/1367/ramillies/vbe35593
Wallonie;brabant-wallon;https://immovlan.be/en/detail/apartment/for-sale/1400/nivelles/vbe35912
Wallonie;brabant-wallon;https://immovlan.be/en/detail/ground-floor/for-sale/1300/wavre/vbe36059
Wallonie;brabant-wallon;https://immovlan.be/en/detail/ground-floor/for-sale/1300/wavre/vbe36061
Wallonie;brabant-wallon;https://immovlan.be/en/detail/residence/for-sale/1460/ittre/vbe34844
Wallonie;brabant-wallon;https://immovlan.be/en/detail/residence/for-sale/1330/rixensart/vbd84411
Wallonie;brabant-wallon;https://immovlan.be/en/detail/residence/for-sale/1490/court-saint-etienne/vbe33786
Wallonie;brabant-wallon;https://immovlan.be/en/detail/residence/for-sale/1400/nivelles/vbe07469
Wallonie;brabant-wallon;https://immovlan.be/en/detail/mixed-building/for-sale/1495/villers-la-ville/vbe33614
Wallonie;brabant-wallon;https://immovlan.be/en/detail/residence/for-sale/1315/incourt/vbe36243
Wallonie;brabant-wallon;https://immovlan.be/en/detail/residence/for-sale/1490/court-saint-etienne/vbe36280
Wallonie;brabant-wallon;https://immovlan.be/en/detail/residence/for-sale/1410/waterloo/vbe35214
Wallonie;brabant-wallon;https://immovlan.be/en/detail/residence/for-sale/1332/genval/vbe33443
Wallonie;brabant-wallon;https://immovlan.be/en/detail/residence/for-sale/1420/braine-l-alleud/vbe35213
Wallonie;brabant-wallon;https://immovlan.be/en/detail/residence/for-sale/1360/thorembais-saint-trond/vbe36250
Wallonie;brabant-wallon;https://immovlan.be/en/detail/duplex/for-sale/1300/wavre/vbe36058
Wallonie;brabant-wallon;https://immovlan.be/en/detail/residence/for-sale/1440/wauthier-braine/vbe35592
Wallonie;brabant-wallon;https://immovlan.be/en/detail/residence/for-sale/1428/lillois-witterzee/vbe35212
Wallonie;brabant-wallon;https://immovlan.be/en/detail/residence/for-sale/1400/nivelles/vbe35100
Wallonie;brabant-wallon;https://immovlan.be/en/detail/villa/for-sale/1440/braine-le-chateau/vbe35137
Wallonie;brabant-wallon;https://immovlan.be/en/detail/residence/for-sale/1325/chaumont-gistoux/vbe36240
Wallonie;brabant-wallon;https://immovlan.be/en/detail/residence/for-sale/1325/chaumont-gistoux/vbe36206
Wallonie;brabant-wallon;https://immovlan.be/en/detail/cottage/for-sale/1370/jodoigne/vbe35130
Wallonie;brabant-wallon;https://immovlan.be/en/detail/residence/for-sale/1360/thorembais-saint-trond/vbe36246
Wallonie;brabant-wallon;https://immovlan.be/en/detail/villa/for-sale/1450/chastre/vbe35735
Wallonie;brabant-wallon;https://immovlan.be/en/detail/residence/for-sale/1380/lasne/vbe36202
Wallonie;brabant-wallon;https://immovlan.be/en/detail/villa/for-sale/1430/rebecq/vbe36282
Wallonie;brabant-wallon;https://immovlan.be/en/detail/apartment/for-sale/1325/chaumont-gistoux/vbe36211
Wallonie;brabant-wallon;https://immovlan.be/en/detail/residence/for-sale/1380/lasne/vbe35870
Wallonie;brabant-wallon;https://immovlan.be/en/detail/residence/for-sale/1470/genappe/vbe35210
Wallonie;brabant-wallon;https://immovlan.be/en/detail/villa/for-sale/1325/bonlez/vbe18037
Wallonie;brabant-wallon;https://immovlan.be/en/detail/duplex/for-sale/1300/wavre/vbe36055
Wallonie;brabant-wallon;https://immovlan.be/en/detail/residence/for-sale/1410/waterloo/vbe36291
Wallonie;brabant-wallon;https://immovlan.be/en/detail/residence/for-sale/1490/court-saint-etienne/vbe36281
Wallonie;brabant-wallon;https://immovlan.be/en/detail/duplex/for-sale/1300/wavre/vbe36056
Wallonie;brabant-wallon;https://immovlan.be/en/detail/residence/for-sale/1457/walhain/vbe35062
Wallonie;brabant-wallon;https://immovlan.be/en/detail/villa/for-sale/1400/nivelles/vbe35991
Wallonie;brabant-wallon;https://immovlan.be/en/detail/residence/for-sale/1495/tilly/vbe34807
Wallonie;brabant-wallon;https://immovlan.be/en/detail/villa/for-sale/1340/ottignies-louvain-la-neuve/vbe35338
Wallonie;brabant-wallon;https://immovlan.be/en/detail/penthouse/for-sale/1420/braine-l-alleud/vbe34786
Wallonie;brabant-wallon;https://immovlan.be/en/detail/mixed-building/for-sale/1480/tubize/vbe35875
Wallonie;brabant-wallon;https://immovlan.be/en/detail/residence/for-sale/1460/ittre/vbe35052
Wallonie;brabant-wallon;https://immovlan.be/en/detail/residence/for-sale/1330/rixensart/vbe35433
Wallonie;brabant-wallon;https://immovlan.be/en/detail/apartment/for-sale/1325/chaumont-gistoux/vbe32299
Wallonie;brabant-wallon;https://immovlan.be/en/detail/residence/for-sale/1380/lasne/vbe35491
Wallonie;brabant-wallon;https://immovlan.be/en/detail/penthouse/for-sale/1420/braine-l-alleud/vbe34905
Wallonie;brabant-wallon;https://immovlan.be/en/detail/residence/for-sale/1440/braine-le-chateau/vbe32596
Wallonie;brabant-wallon;https://immovlan.be/en/detail/residence/for-sale/1300/wavre/vbe35245
Wallonie;brabant-wallon;https://immovlan.be/en/detail/villa/for-sale/1380/lasne/vbe32804
Wallonie;brabant-wallon;https://immovlan.be/en/detail/residence/for-sale/1410/waterloo/vbe35655
Wallonie;brabant-wallon;https://immovlan.be/en/detail/villa/for-sale/1430/rebecq/vbe34566
Wallonie;brabant-wallon;https://immovlan.be/en/detail/villa/for-sale/1420/braine-l-alleud/vbe34691
Wallonie;brabant-wallon;https://immovlan.be/en/detail/residence/for-sale/1420/braine-l-alleud/vbe35877
Wallonie;brabant-wallon;https://immovlan.be/en/detail/villa/for-sale/1420/braine-l-alleud/vbe34785
Wallonie;brabant-wallon;https://immovlan.be/en/detail/villa/for-sale/1380/lasne/vbe32601
Wallonie;brabant-wallon;https://immovlan.be/en/detail/villa/for-sale/1325/chaumont-gistoux/vbe34687
Wallonie;brabant-wallon;https://immovlan.be/en/detail/villa/for-sale/1410/waterloo/vbe32806
Wallonie;brabant-wallon;https://immovlan.be/en/detail/residence/for-sale/1390/grez-doiceau/vbe33225
Wallonie;brabant-wallon;https://immovlan.be/en/detail/residence/for-sale/1310/la-hulpe/vbe33764
Wallonie;brabant-wallon;https://immovlan.be/en/detail/residence/for-sale/1325/chaumont-gistoux/vbe32344
Wallonie;brabant-wallon;https://immovlan.be/en/detail/residence/for-sale/1390/grez-doiceau/vbe32342
Wallonie;brabant-wallon;https://immovlan.be/en/detail/villa/for-sale/1470/bousval/vbe34465
Wallonie;brabant-wallon;https://immovlan.be/en/detail/villa/for-sale/1380/lasne/vbe35397
Wallonie;brabant-wallon;https://immovlan.be/en/detail/residence/for-sale/1332/genval/vbe33763
Wallonie;brabant-wallon;https://immovlan.be/en/detail/villa/for-sale/1380/lasne/vbe32047
Wallonie;brabant-wallon;https://immovlan.be/en/detail/villa/for-sale/1380/lasne/vbe34350
Wallonie;brabant-wallon;https://immovlan.be/en/detail/villa/for-sale/1390/grez-doiceau/rbw23838
Wallonie;brabant-wallon;https://immovlan.be/en/detail/residence/for-sale/1457/walhain/rbw15976
Wallonie;brabant-wallon;https://immovlan.be/en/detail/villa/for-sale/1410/waterloo/vbe33207
Wallonie;brabant-wallon;https://immovlan.be/en/detail/villa/for-sale/1410/waterloo/vbe32805
Wallonie;brabant-wallon;https://immovlan.be/en/detail/residence/for-sale/1332/genval/vbe34842
Wallonie;brabant-wallon;https://immovlan.be/en/detail/villa/for-sale/1410/waterloo/vbe32807
Wallonie;brabant-wallon;https://immovlan.be/en/detail/villa/for-sale/1380/lasne/vbe33288
Wallonie;brabant-wallon;https://immovlan.be/en/detail/villa/for-sale/1428/lillois-witterzee/vbe31777
Wallonie;brabant-wallon;https://immovlan.be/en/detail/residence/for-sale/1370/pietrain/vbe35729
